img_filename,order,seq,mask_filename
data/S_0/21.png,21.0,0.0,data/S_0/label_21.npy
data/S_0/23.png,23.0,0.0,data/S_0/label_23.npy
data/S_0/39.png,39.0,0.0,data/S_0/label_39.npy
data/S_0/41.png,41.0,0.0,data/S_0/label_41.npy
data/S_0/42.png,42.0,0.0,data/S_0/label_42.npy
data/S_0/53.png,53.0,0.0,data/S_0/label_53.npy
data/S_0/86.png,86.0,0.0,data/S_0/label_86.npy
data/S_0/91.png,91.0,0.0,data/S_0/label_91.npy
data/S_0/102.png,102.0,0.0,data/S_0/label_102.npy
data/S_0/108.png,108.0,0.0,data/S_0/label_108.npy
data/S_0/120.png,120.0,0.0,data/S_0/label_120.npy
data/S_0/132.png,132.0,0.0,data/S_0/label_132.npy
data/S_0/137.png,137.0,0.0,data/S_0/label_137.npy
data/S_0/149.png,149.0,0.0,data/S_0/label_149.npy
data/S_1/36.png,36.0,1.0,data/S_1/label_36.npy
data/S_1/50.png,50.0,1.0,data/S_1/label_50.npy
data/S_1/53.png,53.0,1.0,data/S_1/label_53.npy
data/S_1/64.png,64.0,1.0,data/S_1/label_64.npy
data/S_1/67.png,67.0,1.0,data/S_1/label_67.npy
data/S_1/84.png,84.0,1.0,data/S_1/label_84.npy
data/S_1/94.png,94.0,1.0,data/S_1/label_94.npy
data/S_1/110.png,110.0,1.0,data/S_1/label_110.npy
data/S_1/124.png,124.0,1.0,data/S_1/label_124.npy
data/S_1/125.png,125.0,1.0,data/S_1/label_125.npy
data/S_1/127.png,127.0,1.0,data/S_1/label_127.npy
data/S_1/142.png,142.0,1.0,data/S_1/label_142.npy
data/S_1/143.png,143.0,1.0,data/S_1/label_143.npy
data/S_2/23.png,23.0,2.0,data/S_2/label_23.npy
data/S_2/25.png,25.0,2.0,data/S_2/label_25.npy
data/S_2/38.png,38.0,2.0,data/S_2/label_38.npy
data/S_2/69.png,69.0,2.0,data/S_2/label_69.npy
data/S_2/79.png,79.0,2.0,data/S_2/label_79.npy
data/S_2/84.png,84.0,2.0,data/S_2/label_84.npy
data/S_2/106.png,106.0,2.0,data/S_2/label_106.npy
data/S_2/109.png,109.0,2.0,data/S_2/label_109.npy
data/S_2/121.png,121.0,2.0,data/S_2/label_121.npy
data/S_2/122.png,122.0,2.0,data/S_2/label_122.npy
data/S_2/127.png,127.0,2.0,data/S_2/label_127.npy
data/S_2/138.png,138.0,2.0,data/S_2/label_138.npy
data/S_3/21.png,21.0,3.0,data/S_3/label_21.npy
data/S_3/54.png,54.0,3.0,data/S_3/label_54.npy
data/S_3/56.png,56.0,3.0,data/S_3/label_56.npy
data/S_3/66.png,66.0,3.0,data/S_3/label_66.npy
data/S_3/70.png,70.0,3.0,data/S_3/label_70.npy
data/S_3/82.png,82.0,3.0,data/S_3/label_82.npy
data/S_3/85.png,85.0,3.0,data/S_3/label_85.npy
data/S_3/113.png,113.0,3.0,data/S_3/label_113.npy
data/S_3/115.png,115.0,3.0,data/S_3/label_115.npy
data/S_3/126.png,126.0,3.0,data/S_3/label_126.npy
data/S_3/131.png,131.0,3.0,data/S_3/label_131.npy
data/S_3/142.png,142.0,3.0,data/S_3/label_142.npy
data/S_4/20.png,20.0,4.0,data/S_4/label_20.npy
data/S_4/34.png,34.0,4.0,data/S_4/label_34.npy
data/S_4/51.png,51.0,4.0,data/S_4/label_51.npy
data/S_4/62.png,62.0,4.0,data/S_4/label_62.npy
data/S_4/63.png,63.0,4.0,data/S_4/label_63.npy
data/S_4/79.png,79.0,4.0,data/S_4/label_79.npy
data/S_4/81.png,81.0,4.0,data/S_4/label_81.npy
data/S_4/97.png,97.0,4.0,data/S_4/label_97.npy
data/S_4/100.png,100.0,4.0,data/S_4/label_100.npy
data/S_4/112.png,112.0,4.0,data/S_4/label_112.npy
data/S_4/125.png,125.0,4.0,data/S_4/label_125.npy
data/S_4/145.png,145.0,4.0,data/S_4/label_145.npy
data/S_5/20.png,20.0,5.0,data/S_5/label_20.npy
data/S_5/35.png,35.0,5.0,data/S_5/label_35.npy
data/S_5/39.png,39.0,5.0,data/S_5/label_39.npy
data/S_5/50.png,50.0,5.0,data/S_5/label_50.npy
data/S_5/51.png,51.0,5.0,data/S_5/label_51.npy
data/S_5/72.png,72.0,5.0,data/S_5/label_72.npy
data/S_5/85.png,85.0,5.0,data/S_5/label_85.npy
data/S_5/88.png,88.0,5.0,data/S_5/label_88.npy
data/S_5/114.png,114.0,5.0,data/S_5/label_114.npy
data/S_5/130.png,130.0,5.0,data/S_5/label_130.npy
data/S_5/134.png,134.0,5.0,data/S_5/label_134.npy
data/S_5/147.png,147.0,5.0,data/S_5/label_147.npy
data/S_6/22.png,22.0,6.0,data/S_6/label_22.npy
data/S_6/62.png,62.0,6.0,data/S_6/label_62.npy
data/S_6/77.png,77.0,6.0,data/S_6/label_77.npy
data/S_6/81.png,81.0,6.0,data/S_6/label_81.npy
data/S_6/92.png,92.0,6.0,data/S_6/label_92.npy
data/S_6/95.png,95.0,6.0,data/S_6/label_95.npy
data/S_6/97.png,97.0,6.0,data/S_6/label_97.npy
data/S_6/107.png,107.0,6.0,data/S_6/label_107.npy
data/S_6/113.png,113.0,6.0,data/S_6/label_113.npy
data/S_6/138.png,138.0,6.0,data/S_6/label_138.npy
data/S_6/139.png,139.0,6.0,data/S_6/label_139.npy
data/S_7/21.png,21.0,7.0,data/S_7/label_21.npy
data/S_7/23.png,23.0,7.0,data/S_7/label_23.npy
data/S_7/54.png,54.0,7.0,data/S_7/label_54.npy
data/S_7/68.png,68.0,7.0,data/S_7/label_68.npy
data/S_7/69.png,69.0,7.0,data/S_7/label_69.npy
data/S_7/81.png,81.0,7.0,data/S_7/label_81.npy
data/S_7/85.png,85.0,7.0,data/S_7/label_85.npy
data/S_7/122.png,122.0,7.0,data/S_7/label_122.npy
data/S_7/132.png,132.0,7.0,data/S_7/label_132.npy
data/S_7/135.png,135.0,7.0,data/S_7/label_135.npy
data/S_7/149.png,149.0,7.0,data/S_7/label_149.npy
data/S_7/151.png,151.0,7.0,data/S_7/label_151.npy
data/S_8/20.png,20.0,8.0,data/S_8/label_20.npy
data/S_8/37.png,37.0,8.0,data/S_8/label_37.npy
data/S_8/39.png,39.0,8.0,data/S_8/label_39.npy
data/S_8/53.png,53.0,8.0,data/S_8/label_53.npy
data/S_8/70.png,70.0,8.0,data/S_8/label_70.npy
data/S_8/86.png,86.0,8.0,data/S_8/label_86.npy
data/S_8/97.png,97.0,8.0,data/S_8/label_97.npy
data/S_8/101.png,101.0,8.0,data/S_8/label_101.npy
data/S_8/130.png,130.0,8.0,data/S_8/label_130.npy
data/S_8/131.png,131.0,8.0,data/S_8/label_131.npy
data/S_8/140.png,140.0,8.0,data/S_8/label_140.npy
data/S_9/23.png,23.0,9.0,data/S_9/label_23.npy
data/S_9/24.png,24.0,9.0,data/S_9/label_24.npy
data/S_9/38.png,38.0,9.0,data/S_9/label_38.npy
data/S_9/40.png,40.0,9.0,data/S_9/label_40.npy
data/S_9/67.png,67.0,9.0,data/S_9/label_67.npy
data/S_9/71.png,71.0,9.0,data/S_9/label_71.npy
data/S_9/81.png,81.0,9.0,data/S_9/label_81.npy
data/S_9/96.png,96.0,9.0,data/S_9/label_96.npy
data/S_9/98.png,98.0,9.0,data/S_9/label_98.npy
data/S_9/131.png,131.0,9.0,data/S_9/label_131.npy
data/S_9/149.png,149.0,9.0,data/S_9/label_149.npy
data/S_10/22.png,22.0,10.0,data/S_10/label_22.npy
data/S_10/36.png,36.0,10.0,data/S_10/label_36.npy
data/S_10/38.png,38.0,10.0,data/S_10/label_38.npy
data/S_10/56.png,56.0,10.0,data/S_10/label_56.npy
data/S_10/66.png,66.0,10.0,data/S_10/label_66.npy
data/S_10/69.png,69.0,10.0,data/S_10/label_69.npy
data/S_10/88.png,88.0,10.0,data/S_10/label_88.npy
data/S_10/103.png,103.0,10.0,data/S_10/label_103.npy
data/S_10/137.png,137.0,10.0,data/S_10/label_137.npy
data/S_10/140.png,140.0,10.0,data/S_10/label_140.npy
data/S_10/155.png,155.0,10.0,data/S_10/label_155.npy
data/S_10/157.png,157.0,10.0,data/S_10/label_157.npy
data/S_11/20.png,20.0,11.0,data/S_11/label_20.npy
data/S_11/24.png,24.0,11.0,data/S_11/label_24.npy
data/S_11/52.png,52.0,11.0,data/S_11/label_52.npy
data/S_11/76.png,76.0,11.0,data/S_11/label_76.npy
data/S_11/93.png,93.0,11.0,data/S_11/label_93.npy
data/S_11/94.png,94.0,11.0,data/S_11/label_94.npy
data/S_11/98.png,98.0,11.0,data/S_11/label_98.npy
data/S_11/109.png,109.0,11.0,data/S_11/label_109.npy
data/S_11/112.png,112.0,11.0,data/S_11/label_112.npy
data/S_11/137.png,137.0,11.0,data/S_11/label_137.npy
data/S_12/19.png,19.0,12.0,data/S_12/label_19.npy
data/S_12/36.png,36.0,12.0,data/S_12/label_36.npy
data/S_12/52.png,52.0,12.0,data/S_12/label_52.npy
data/S_12/77.png,77.0,12.0,data/S_12/label_77.npy
data/S_12/80.png,80.0,12.0,data/S_12/label_80.npy
data/S_12/92.png,92.0,12.0,data/S_12/label_92.npy
data/S_12/107.png,107.0,12.0,data/S_12/label_107.npy
data/S_12/109.png,109.0,12.0,data/S_12/label_109.npy
data/S_12/122.png,122.0,12.0,data/S_12/label_122.npy
data/S_12/127.png,127.0,12.0,data/S_12/label_127.npy
data/S_13/20.png,20.0,13.0,data/S_13/label_20.npy
data/S_13/25.png,25.0,13.0,data/S_13/label_25.npy
data/S_13/26.png,26.0,13.0,data/S_13/label_26.npy
data/S_13/55.png,55.0,13.0,data/S_13/label_55.npy
data/S_13/58.png,58.0,13.0,data/S_13/label_58.npy
data/S_13/70.png,70.0,13.0,data/S_13/label_70.npy
data/S_13/84.png,84.0,13.0,data/S_13/label_84.npy
data/S_13/113.png,113.0,13.0,data/S_13/label_113.npy
data/S_13/130.png,130.0,13.0,data/S_13/label_130.npy
data/S_13/134.png,134.0,13.0,data/S_13/label_134.npy
data/S_13/148.png,148.0,13.0,data/S_13/label_148.npy
data/S_14/38.png,38.0,14.0,data/S_14/label_38.npy
data/S_14/47.png,47.0,14.0,data/S_14/label_47.npy
data/S_14/50.png,50.0,14.0,data/S_14/label_50.npy
data/S_14/67.png,67.0,14.0,data/S_14/label_67.npy
data/S_14/81.png,81.0,14.0,data/S_14/label_81.npy
data/S_14/83.png,83.0,14.0,data/S_14/label_83.npy
data/S_14/93.png,93.0,14.0,data/S_14/label_93.npy
data/S_14/107.png,107.0,14.0,data/S_14/label_107.npy
data/S_14/110.png,110.0,14.0,data/S_14/label_110.npy
data/S_14/136.png,136.0,14.0,data/S_14/label_136.npy
data/S_15/36.png,36.0,15.0,data/S_15/label_36.npy
data/S_15/48.png,48.0,15.0,data/S_15/label_48.npy
data/S_15/49.png,49.0,15.0,data/S_15/label_49.npy
data/S_15/62.png,62.0,15.0,data/S_15/label_62.npy
data/S_15/80.png,80.0,15.0,data/S_15/label_80.npy
data/S_15/81.png,81.0,15.0,data/S_15/label_81.npy
data/S_15/95.png,95.0,15.0,data/S_15/label_95.npy
data/S_15/107.png,107.0,15.0,data/S_15/label_107.npy
data/S_15/136.png,136.0,15.0,data/S_15/label_136.npy
data/S_15/139.png,139.0,15.0,data/S_15/label_139.npy
data/S_16/23.png,23.0,16.0,data/S_16/label_23.npy
data/S_16/24.png,24.0,16.0,data/S_16/label_24.npy
data/S_16/35.png,35.0,16.0,data/S_16/label_35.npy
data/S_16/50.png,50.0,16.0,data/S_16/label_50.npy
data/S_16/53.png,53.0,16.0,data/S_16/label_53.npy
data/S_16/67.png,67.0,16.0,data/S_16/label_67.npy
data/S_16/81.png,81.0,16.0,data/S_16/label_81.npy
data/S_16/111.png,111.0,16.0,data/S_16/label_111.npy
data/S_16/137.png,137.0,16.0,data/S_16/label_137.npy
data/S_16/141.png,141.0,16.0,data/S_16/label_141.npy
data/S_17/19.png,19.0,17.0,data/S_17/label_19.npy
data/S_17/21.png,21.0,17.0,data/S_17/label_21.npy
data/S_17/35.png,35.0,17.0,data/S_17/label_35.npy
data/S_17/39.png,39.0,17.0,data/S_17/label_39.npy
data/S_17/51.png,51.0,17.0,data/S_17/label_51.npy
data/S_17/56.png,56.0,17.0,data/S_17/label_56.npy
data/S_17/69.png,69.0,17.0,data/S_17/label_69.npy
data/S_17/110.png,110.0,17.0,data/S_17/label_110.npy
data/S_17/127.png,127.0,17.0,data/S_17/label_127.npy
data/S_17/137.png,137.0,17.0,data/S_17/label_137.npy
data/S_18/20.png,20.0,18.0,data/S_18/label_20.npy
data/S_18/24.png,24.0,18.0,data/S_18/label_24.npy
data/S_18/38.png,38.0,18.0,data/S_18/label_38.npy
data/S_18/39.png,39.0,18.0,data/S_18/label_39.npy
data/S_18/64.png,64.0,18.0,data/S_18/label_64.npy
data/S_18/79.png,79.0,18.0,data/S_18/label_79.npy
data/S_18/105.png,105.0,18.0,data/S_18/label_105.npy
data/S_18/108.png,108.0,18.0,data/S_18/label_108.npy
data/S_18/123.png,123.0,18.0,data/S_18/label_123.npy
data/S_18/141.png,141.0,18.0,data/S_18/label_141.npy
data/S_19/20.png,20.0,19.0,data/S_19/label_20.npy
data/S_19/50.png,50.0,19.0,data/S_19/label_50.npy
data/S_19/52.png,52.0,19.0,data/S_19/label_52.npy
data/S_19/69.png,69.0,19.0,data/S_19/label_69.npy
data/S_19/80.png,80.0,19.0,data/S_19/label_80.npy
data/S_19/94.png,94.0,19.0,data/S_19/label_94.npy
data/S_19/97.png,97.0,19.0,data/S_19/label_97.npy
data/S_19/111.png,111.0,19.0,data/S_19/label_111.npy
data/S_19/127.png,127.0,19.0,data/S_19/label_127.npy
data/S_19/142.png,142.0,19.0,data/S_19/label_142.npy
data/S_20/30.png,30.0,20.0,data/S_20/label_30.npy
data/S_20/48.png,48.0,20.0,data/S_20/label_48.npy
data/S_20/50.png,50.0,20.0,data/S_20/label_50.npy
data/S_20/59.png,59.0,20.0,data/S_20/label_59.npy
data/S_20/61.png,61.0,20.0,data/S_20/label_61.npy
data/S_20/77.png,77.0,20.0,data/S_20/label_77.npy
data/S_20/89.png,89.0,20.0,data/S_20/label_89.npy
data/S_20/90.png,90.0,20.0,data/S_20/label_90.npy
data/S_20/131.png,131.0,20.0,data/S_20/label_131.npy
data/S_21/22.png,22.0,21.0,data/S_21/label_22.npy
data/S_21/23.png,23.0,21.0,data/S_21/label_23.npy
data/S_21/50.png,50.0,21.0,data/S_21/label_50.npy
data/S_21/63.png,63.0,21.0,data/S_21/label_63.npy
data/S_21/79.png,79.0,21.0,data/S_21/label_79.npy
data/S_21/97.png,97.0,21.0,data/S_21/label_97.npy
data/S_21/111.png,111.0,21.0,data/S_21/label_111.npy
data/S_21/124.png,124.0,21.0,data/S_21/label_124.npy
data/S_21/140.png,140.0,21.0,data/S_21/label_140.npy
data/S_21/143.png,143.0,21.0,data/S_21/label_143.npy
data/S_22/37.png,37.0,22.0,data/S_22/label_37.npy
data/S_22/39.png,39.0,22.0,data/S_22/label_39.npy
data/S_22/67.png,67.0,22.0,data/S_22/label_67.npy
data/S_22/93.png,93.0,22.0,data/S_22/label_93.npy
data/S_22/111.png,111.0,22.0,data/S_22/label_111.npy
data/S_22/113.png,113.0,22.0,data/S_22/label_113.npy
data/S_22/123.png,123.0,22.0,data/S_22/label_123.npy
data/S_22/124.png,124.0,22.0,data/S_22/label_124.npy
data/S_22/141.png,141.0,22.0,data/S_22/label_141.npy
data/S_22/142.png,142.0,22.0,data/S_22/label_142.npy
data/S_23/39.png,39.0,23.0,data/S_23/label_39.npy
data/S_23/49.png,49.0,23.0,data/S_23/label_49.npy
data/S_23/51.png,51.0,23.0,data/S_23/label_51.npy
data/S_23/80.png,80.0,23.0,data/S_23/label_80.npy
data/S_23/96.png,96.0,23.0,data/S_23/label_96.npy
data/S_23/99.png,99.0,23.0,data/S_23/label_99.npy
data/S_23/100.png,100.0,23.0,data/S_23/label_100.npy
data/S_23/128.png,128.0,23.0,data/S_23/label_128.npy
data/S_23/139.png,139.0,23.0,data/S_23/label_139.npy
data/S_23/141.png,141.0,23.0,data/S_23/label_141.npy
data/S_24/32.png,32.0,24.0,data/S_24/label_32.npy
data/S_24/34.png,34.0,24.0,data/S_24/label_34.npy
data/S_24/52.png,52.0,24.0,data/S_24/label_52.npy
data/S_24/79.png,79.0,24.0,data/S_24/label_79.npy
data/S_24/82.png,82.0,24.0,data/S_24/label_82.npy
data/S_24/95.png,95.0,24.0,data/S_24/label_95.npy
data/S_24/109.png,109.0,24.0,data/S_24/label_109.npy
data/S_24/110.png,110.0,24.0,data/S_24/label_110.npy
data/S_24/126.png,126.0,24.0,data/S_24/label_126.npy
data/S_24/141.png,141.0,24.0,data/S_24/label_141.npy
data/S_25/20.png,20.0,25.0,data/S_25/label_20.npy
data/S_25/34.png,34.0,25.0,data/S_25/label_34.npy
data/S_25/49.png,49.0,25.0,data/S_25/label_49.npy
data/S_25/65.png,65.0,25.0,data/S_25/label_65.npy
data/S_25/66.png,66.0,25.0,data/S_25/label_66.npy
data/S_25/109.png,109.0,25.0,data/S_25/label_109.npy
data/S_25/112.png,112.0,25.0,data/S_25/label_112.npy
data/S_25/124.png,124.0,25.0,data/S_25/label_124.npy
data/S_25/127.png,127.0,25.0,data/S_25/label_127.npy
data/S_25/141.png,141.0,25.0,data/S_25/label_141.npy
data/S_26/22.png,22.0,26.0,data/S_26/label_22.npy
data/S_26/48.png,48.0,26.0,data/S_26/label_48.npy
data/S_26/50.png,50.0,26.0,data/S_26/label_50.npy
data/S_26/65.png,65.0,26.0,data/S_26/label_65.npy
data/S_26/81.png,81.0,26.0,data/S_26/label_81.npy
data/S_26/82.png,82.0,26.0,data/S_26/label_82.npy
data/S_26/84.png,84.0,26.0,data/S_26/label_84.npy
data/S_26/97.png,97.0,26.0,data/S_26/label_97.npy
data/S_26/127.png,127.0,26.0,data/S_26/label_127.npy
data/S_26/129.png,129.0,26.0,data/S_26/label_129.npy
data/S_27/23.png,23.0,27.0,data/S_27/label_23.npy
data/S_27/37.png,37.0,27.0,data/S_27/label_37.npy
data/S_27/41.png,41.0,27.0,data/S_27/label_41.npy
data/S_27/52.png,52.0,27.0,data/S_27/label_52.npy
data/S_27/71.png,71.0,27.0,data/S_27/label_71.npy
data/S_27/97.png,97.0,27.0,data/S_27/label_97.npy
data/S_27/111.png,111.0,27.0,data/S_27/label_111.npy
data/S_27/115.png,115.0,27.0,data/S_27/label_115.npy
data/S_27/140.png,140.0,27.0,data/S_27/label_140.npy
data/S_27/144.png,144.0,27.0,data/S_27/label_144.npy
data/S_28/21.png,21.0,28.0,data/S_28/label_21.npy
data/S_28/24.png,24.0,28.0,data/S_28/label_24.npy
data/S_28/34.png,34.0,28.0,data/S_28/label_34.npy
data/S_28/46.png,46.0,28.0,data/S_28/label_46.npy
data/S_28/79.png,79.0,28.0,data/S_28/label_79.npy
data/S_28/118.png,118.0,28.0,data/S_28/label_118.npy
data/S_28/120.png,120.0,28.0,data/S_28/label_120.npy
data/S_28/132.png,132.0,28.0,data/S_28/label_132.npy
data/S_28/135.png,135.0,28.0,data/S_28/label_135.npy
data/S_29/37.png,37.0,29.0,data/S_29/label_37.npy
data/S_29/40.png,40.0,29.0,data/S_29/label_40.npy
data/S_29/51.png,51.0,29.0,data/S_29/label_51.npy
data/S_29/54.png,54.0,29.0,data/S_29/label_54.npy
data/S_29/66.png,66.0,29.0,data/S_29/label_66.npy
data/S_29/68.png,68.0,29.0,data/S_29/label_68.npy
data/S_29/81.png,81.0,29.0,data/S_29/label_81.npy
data/S_29/112.png,112.0,29.0,data/S_29/label_112.npy
data/S_29/128.png,128.0,29.0,data/S_29/label_128.npy
data/S_29/142.png,142.0,29.0,data/S_29/label_142.npy
data/S_30/18.png,18.0,30.0,data/S_30/label_18.npy
data/S_30/37.png,37.0,30.0,data/S_30/label_37.npy
data/S_30/62.png,62.0,30.0,data/S_30/label_62.npy
data/S_30/75.png,75.0,30.0,data/S_30/label_75.npy
data/S_30/94.png,94.0,30.0,data/S_30/label_94.npy
data/S_30/95.png,95.0,30.0,data/S_30/label_95.npy
data/S_30/96.png,96.0,30.0,data/S_30/label_96.npy
data/S_30/121.png,121.0,30.0,data/S_30/label_121.npy
data/S_30/134.png,134.0,30.0,data/S_30/label_134.npy
data/S_31/22.png,22.0,31.0,data/S_31/label_22.npy
data/S_31/34.png,34.0,31.0,data/S_31/label_34.npy
data/S_31/36.png,36.0,31.0,data/S_31/label_36.npy
data/S_31/54.png,54.0,31.0,data/S_31/label_54.npy
data/S_31/70.png,70.0,31.0,data/S_31/label_70.npy
data/S_31/85.png,85.0,31.0,data/S_31/label_85.npy
data/S_31/124.png,124.0,31.0,data/S_31/label_124.npy
data/S_31/126.png,126.0,31.0,data/S_31/label_126.npy
data/S_31/145.png,145.0,31.0,data/S_31/label_145.npy
data/S_31/146.png,146.0,31.0,data/S_31/label_146.npy
data/S_32/18.png,18.0,32.0,data/S_32/label_18.npy
data/S_32/19.png,19.0,32.0,data/S_32/label_19.npy
data/S_32/34.png,34.0,32.0,data/S_32/label_34.npy
data/S_32/37.png,37.0,32.0,data/S_32/label_37.npy
data/S_32/51.png,51.0,32.0,data/S_32/label_51.npy
data/S_32/80.png,80.0,32.0,data/S_32/label_80.npy
data/S_32/91.png,91.0,32.0,data/S_32/label_91.npy
data/S_32/109.png,109.0,32.0,data/S_32/label_109.npy
data/S_32/134.png,134.0,32.0,data/S_32/label_134.npy
data/S_33/19.png,19.0,33.0,data/S_33/label_19.npy
data/S_33/21.png,21.0,33.0,data/S_33/label_21.npy
data/S_33/50.png,50.0,33.0,data/S_33/label_50.npy
data/S_33/66.png,66.0,33.0,data/S_33/label_66.npy
data/S_33/68.png,68.0,33.0,data/S_33/label_68.npy
data/S_33/78.png,78.0,33.0,data/S_33/label_78.npy
data/S_33/94.png,94.0,33.0,data/S_33/label_94.npy
data/S_33/120.png,120.0,33.0,data/S_33/label_120.npy
data/S_33/135.png,135.0,33.0,data/S_33/label_135.npy
data/S_34/25.png,25.0,34.0,data/S_34/label_25.npy
data/S_34/39.png,39.0,34.0,data/S_34/label_39.npy
data/S_34/50.png,50.0,34.0,data/S_34/label_50.npy
data/S_34/53.png,53.0,34.0,data/S_34/label_53.npy
data/S_34/64.png,64.0,34.0,data/S_34/label_64.npy
data/S_34/66.png,66.0,34.0,data/S_34/label_66.npy
data/S_34/107.png,107.0,34.0,data/S_34/label_107.npy
data/S_34/109.png,109.0,34.0,data/S_34/label_109.npy
data/S_34/136.png,136.0,34.0,data/S_34/label_136.npy
data/S_35/18.png,18.0,35.0,data/S_35/label_18.npy
data/S_35/22.png,22.0,35.0,data/S_35/label_22.npy
data/S_35/37.png,37.0,35.0,data/S_35/label_37.npy
data/S_35/47.png,47.0,35.0,data/S_35/label_47.npy
data/S_35/50.png,50.0,35.0,data/S_35/label_50.npy
data/S_35/64.png,64.0,35.0,data/S_35/label_64.npy
data/S_35/82.png,82.0,35.0,data/S_35/label_82.npy
data/S_35/95.png,95.0,35.0,data/S_35/label_95.npy
data/S_35/110.png,110.0,35.0,data/S_35/label_110.npy
data/S_36/22.png,22.0,36.0,data/S_36/label_22.npy
data/S_36/38.png,38.0,36.0,data/S_36/label_38.npy
data/S_36/65.png,65.0,36.0,data/S_36/label_65.npy
data/S_36/67.png,67.0,36.0,data/S_36/label_67.npy
data/S_36/95.png,95.0,36.0,data/S_36/label_95.npy
data/S_36/97.png,97.0,36.0,data/S_36/label_97.npy
data/S_36/122.png,122.0,36.0,data/S_36/label_122.npy
data/S_36/126.png,126.0,36.0,data/S_36/label_126.npy
data/S_36/137.png,137.0,36.0,data/S_36/label_137.npy
data/S_37/18.png,18.0,37.0,data/S_37/label_18.npy
data/S_37/20.png,20.0,37.0,data/S_37/label_20.npy
data/S_37/21.png,21.0,37.0,data/S_37/label_21.npy
data/S_37/36.png,36.0,37.0,data/S_37/label_36.npy
data/S_37/53.png,53.0,37.0,data/S_37/label_53.npy
data/S_37/78.png,78.0,37.0,data/S_37/label_78.npy
data/S_37/117.png,117.0,37.0,data/S_37/label_117.npy
data/S_37/119.png,119.0,37.0,data/S_37/label_119.npy
data/S_37/136.png,136.0,37.0,data/S_37/label_136.npy
data/S_38/26.png,26.0,38.0,data/S_38/label_26.npy
data/S_38/39.png,39.0,38.0,data/S_38/label_39.npy
data/S_38/56.png,56.0,38.0,data/S_38/label_56.npy
data/S_38/70.png,70.0,38.0,data/S_38/label_70.npy
data/S_38/73.png,73.0,38.0,data/S_38/label_73.npy
data/S_38/102.png,102.0,38.0,data/S_38/label_102.npy
data/S_38/122.png,122.0,38.0,data/S_38/label_122.npy
data/S_38/132.png,132.0,38.0,data/S_38/label_132.npy
data/S_38/136.png,136.0,38.0,data/S_38/label_136.npy
data/S_38/149.png,149.0,38.0,data/S_38/label_149.npy
data/S_39/33.png,33.0,39.0,data/S_39/label_33.npy
data/S_39/35.png,35.0,39.0,data/S_39/label_35.npy
data/S_39/50.png,50.0,39.0,data/S_39/label_50.npy
data/S_39/80.png,80.0,39.0,data/S_39/label_80.npy
data/S_39/93.png,93.0,39.0,data/S_39/label_93.npy
data/S_39/95.png,95.0,39.0,data/S_39/label_95.npy
data/S_39/110.png,110.0,39.0,data/S_39/label_110.npy
data/S_39/140.png,140.0,39.0,data/S_39/label_140.npy
data/S_39/141.png,141.0,39.0,data/S_39/label_141.npy
data/S_40/22.png,22.0,40.0,data/S_40/label_22.npy
data/S_40/38.png,38.0,40.0,data/S_40/label_38.npy
data/S_40/39.png,39.0,40.0,data/S_40/label_39.npy
data/S_40/80.png,80.0,40.0,data/S_40/label_80.npy
data/S_40/111.png,111.0,40.0,data/S_40/label_111.npy
data/S_40/121.png,121.0,40.0,data/S_40/label_121.npy
data/S_40/122.png,122.0,40.0,data/S_40/label_122.npy
data/S_40/127.png,127.0,40.0,data/S_40/label_127.npy
data/S_40/137.png,137.0,40.0,data/S_40/label_137.npy
data/S_41/24.png,24.0,41.0,data/S_41/label_24.npy
data/S_41/36.png,36.0,41.0,data/S_41/label_36.npy
data/S_41/39.png,39.0,41.0,data/S_41/label_39.npy
data/S_41/53.png,53.0,41.0,data/S_41/label_53.npy
data/S_41/65.png,65.0,41.0,data/S_41/label_65.npy
data/S_41/67.png,67.0,41.0,data/S_41/label_67.npy
data/S_41/112.png,112.0,41.0,data/S_41/label_112.npy
data/S_41/136.png,136.0,41.0,data/S_41/label_136.npy
data/S_41/140.png,140.0,41.0,data/S_41/label_140.npy
data/S_42/35.png,35.0,42.0,data/S_42/label_35.npy
data/S_42/49.png,49.0,42.0,data/S_42/label_49.npy
data/S_42/53.png,53.0,42.0,data/S_42/label_53.npy
data/S_42/64.png,64.0,42.0,data/S_42/label_64.npy
data/S_42/94.png,94.0,42.0,data/S_42/label_94.npy
data/S_42/99.png,99.0,42.0,data/S_42/label_99.npy
data/S_42/110.png,110.0,42.0,data/S_42/label_110.npy
data/S_42/125.png,125.0,42.0,data/S_42/label_125.npy
data/S_42/138.png,138.0,42.0,data/S_42/label_138.npy
data/S_43/22.png,22.0,43.0,data/S_43/label_22.npy
data/S_43/38.png,38.0,43.0,data/S_43/label_38.npy
data/S_43/51.png,51.0,43.0,data/S_43/label_51.npy
data/S_43/64.png,64.0,43.0,data/S_43/label_64.npy
data/S_43/65.png,65.0,43.0,data/S_43/label_65.npy
data/S_43/80.png,80.0,43.0,data/S_43/label_80.npy
data/S_43/94.png,94.0,43.0,data/S_43/label_94.npy
data/S_43/97.png,97.0,43.0,data/S_43/label_97.npy
data/S_43/140.png,140.0,43.0,data/S_43/label_140.npy
data/S_44/20.png,20.0,44.0,data/S_44/label_20.npy
data/S_44/25.png,25.0,44.0,data/S_44/label_25.npy
data/S_44/39.png,39.0,44.0,data/S_44/label_39.npy
data/S_44/77.png,77.0,44.0,data/S_44/label_77.npy
data/S_44/95.png,95.0,44.0,data/S_44/label_95.npy
data/S_44/113.png,113.0,44.0,data/S_44/label_113.npy
data/S_44/116.png,116.0,44.0,data/S_44/label_116.npy
data/S_44/131.png,131.0,44.0,data/S_44/label_131.npy
data/S_44/133.png,133.0,44.0,data/S_44/label_133.npy
data/S_44/152.png,152.0,44.0,data/S_44/label_152.npy
data/S_45/23.png,23.0,45.0,data/S_45/label_23.npy
data/S_45/24.png,24.0,45.0,data/S_45/label_24.npy
data/S_45/35.png,35.0,45.0,data/S_45/label_35.npy
data/S_45/49.png,49.0,45.0,data/S_45/label_49.npy
data/S_45/50.png,50.0,45.0,data/S_45/label_50.npy
data/S_45/67.png,67.0,45.0,data/S_45/label_67.npy
data/S_45/69.png,69.0,45.0,data/S_45/label_69.npy
data/S_45/95.png,95.0,45.0,data/S_45/label_95.npy
data/S_45/139.png,139.0,45.0,data/S_45/label_139.npy
data/S_46/18.png,18.0,46.0,data/S_46/label_18.npy
data/S_46/35.png,35.0,46.0,data/S_46/label_35.npy
data/S_46/51.png,51.0,46.0,data/S_46/label_51.npy
data/S_46/66.png,66.0,46.0,data/S_46/label_66.npy
data/S_46/77.png,77.0,46.0,data/S_46/label_77.npy
data/S_46/91.png,91.0,46.0,data/S_46/label_91.npy
data/S_46/107.png,107.0,46.0,data/S_46/label_107.npy
data/S_46/122.png,122.0,46.0,data/S_46/label_122.npy
data/S_46/142.png,142.0,46.0,data/S_46/label_142.npy
data/S_47/31.png,31.0,47.0,data/S_47/label_31.npy
data/S_47/47.png,47.0,47.0,data/S_47/label_47.npy
data/S_47/73.png,73.0,47.0,data/S_47/label_73.npy
data/S_47/75.png,75.0,47.0,data/S_47/label_75.npy
data/S_47/92.png,92.0,47.0,data/S_47/label_92.npy
data/S_47/94.png,94.0,47.0,data/S_47/label_94.npy
data/S_47/107.png,107.0,47.0,data/S_47/label_107.npy
data/S_47/127.png,127.0,47.0,data/S_47/label_127.npy
data/S_47/139.png,139.0,47.0,data/S_47/label_139.npy
data/S_48/27.png,27.0,48.0,data/S_48/label_27.npy
data/S_48/40.png,40.0,48.0,data/S_48/label_40.npy
data/S_48/41.png,41.0,48.0,data/S_48/label_41.npy
data/S_48/55.png,55.0,48.0,data/S_48/label_55.npy
data/S_48/68.png,68.0,48.0,data/S_48/label_68.npy
data/S_48/101.png,101.0,48.0,data/S_48/label_101.npy
data/S_48/104.png,104.0,48.0,data/S_48/label_104.npy
data/S_48/116.png,116.0,48.0,data/S_48/label_116.npy
data/S_48/147.png,147.0,48.0,data/S_48/label_147.npy
data/S_48/152.png,152.0,48.0,data/S_48/label_152.npy
data/S_49/21.png,21.0,49.0,data/S_49/label_21.npy
data/S_49/32.png,32.0,49.0,data/S_49/label_32.npy
data/S_49/53.png,53.0,49.0,data/S_49/label_53.npy
data/S_49/66.png,66.0,49.0,data/S_49/label_66.npy
data/S_49/67.png,67.0,49.0,data/S_49/label_67.npy
data/S_49/108.png,108.0,49.0,data/S_49/label_108.npy
data/S_49/111.png,111.0,49.0,data/S_49/label_111.npy
data/S_49/127.png,127.0,49.0,data/S_49/label_127.npy
data/S_49/141.png,141.0,49.0,data/S_49/label_141.npy
data/S_50/22.png,22.0,50.0,data/S_50/label_22.npy
data/S_50/34.png,34.0,50.0,data/S_50/label_34.npy
data/S_50/50.png,50.0,50.0,data/S_50/label_50.npy
data/S_50/53.png,53.0,50.0,data/S_50/label_53.npy
data/S_50/82.png,82.0,50.0,data/S_50/label_82.npy
data/S_50/95.png,95.0,50.0,data/S_50/label_95.npy
data/S_50/122.png,122.0,50.0,data/S_50/label_122.npy
data/S_50/137.png,137.0,50.0,data/S_50/label_137.npy
data/S_50/141.png,141.0,50.0,data/S_50/label_141.npy
data/S_51/21.png,21.0,51.0,data/S_51/label_21.npy
data/S_51/35.png,35.0,51.0,data/S_51/label_35.npy
data/S_51/42.png,42.0,51.0,data/S_51/label_42.npy
data/S_51/60.png,60.0,51.0,data/S_51/label_60.npy
data/S_51/72.png,72.0,51.0,data/S_51/label_72.npy
data/S_51/101.png,101.0,51.0,data/S_51/label_101.npy
data/S_51/104.png,104.0,51.0,data/S_51/label_104.npy
data/S_51/119.png,119.0,51.0,data/S_51/label_119.npy
data/S_51/149.png,149.0,51.0,data/S_51/label_149.npy
data/S_51/152.png,152.0,51.0,data/S_51/label_152.npy
data/S_52/20.png,20.0,52.0,data/S_52/label_20.npy
data/S_52/37.png,37.0,52.0,data/S_52/label_37.npy
data/S_52/38.png,38.0,52.0,data/S_52/label_38.npy
data/S_52/51.png,51.0,52.0,data/S_52/label_51.npy
data/S_52/64.png,64.0,52.0,data/S_52/label_64.npy
data/S_52/80.png,80.0,52.0,data/S_52/label_80.npy
data/S_52/126.png,126.0,52.0,data/S_52/label_126.npy
data/S_52/128.png,128.0,52.0,data/S_52/label_128.npy
data/S_52/142.png,142.0,52.0,data/S_52/label_142.npy
data/S_53/21.png,21.0,53.0,data/S_53/label_21.npy
data/S_53/33.png,33.0,53.0,data/S_53/label_33.npy
data/S_53/35.png,35.0,53.0,data/S_53/label_35.npy
data/S_53/38.png,38.0,53.0,data/S_53/label_38.npy
data/S_53/66.png,66.0,53.0,data/S_53/label_66.npy
data/S_53/111.png,111.0,53.0,data/S_53/label_111.npy
data/S_53/124.png,124.0,53.0,data/S_53/label_124.npy
data/S_53/126.png,126.0,53.0,data/S_53/label_126.npy
data/S_53/141.png,141.0,53.0,data/S_53/label_141.npy
data/S_54/19.png,19.0,54.0,data/S_54/label_19.npy
data/S_54/22.png,22.0,54.0,data/S_54/label_22.npy
data/S_54/34.png,34.0,54.0,data/S_54/label_34.npy
data/S_54/38.png,38.0,54.0,data/S_54/label_38.npy
data/S_54/55.png,55.0,54.0,data/S_54/label_55.npy
data/S_54/67.png,67.0,54.0,data/S_54/label_67.npy
data/S_54/85.png,85.0,54.0,data/S_54/label_85.npy
data/S_54/97.png,97.0,54.0,data/S_54/label_97.npy
data/S_54/126.png,126.0,54.0,data/S_54/label_126.npy
data/S_55/38.png,38.0,55.0,data/S_55/label_38.npy
data/S_55/54.png,54.0,55.0,data/S_55/label_54.npy
data/S_55/57.png,57.0,55.0,data/S_55/label_57.npy
data/S_55/78.png,78.0,55.0,data/S_55/label_78.npy
data/S_55/95.png,95.0,55.0,data/S_55/label_95.npy
data/S_55/107.png,107.0,55.0,data/S_55/label_107.npy
data/S_55/126.png,126.0,55.0,data/S_55/label_126.npy
data/S_55/127.png,127.0,55.0,data/S_55/label_127.npy
data/S_55/139.png,139.0,55.0,data/S_55/label_139.npy
data/S_55/142.png,142.0,55.0,data/S_55/label_142.npy
data/S_56/36.png,36.0,56.0,data/S_56/label_36.npy
data/S_56/38.png,38.0,56.0,data/S_56/label_38.npy
data/S_56/39.png,39.0,56.0,data/S_56/label_39.npy
data/S_56/67.png,67.0,56.0,data/S_56/label_67.npy
data/S_56/79.png,79.0,56.0,data/S_56/label_79.npy
data/S_56/96.png,96.0,56.0,data/S_56/label_96.npy
data/S_56/108.png,108.0,56.0,data/S_56/label_108.npy
data/S_56/126.png,126.0,56.0,data/S_56/label_126.npy
data/S_56/142.png,142.0,56.0,data/S_56/label_142.npy
data/S_57/23.png,23.0,57.0,data/S_57/label_23.npy
data/S_57/24.png,24.0,57.0,data/S_57/label_24.npy
data/S_57/38.png,38.0,57.0,data/S_57/label_38.npy
data/S_57/50.png,50.0,57.0,data/S_57/label_50.npy
data/S_57/68.png,68.0,57.0,data/S_57/label_68.npy
data/S_57/81.png,81.0,57.0,data/S_57/label_81.npy
data/S_57/93.png,93.0,57.0,data/S_57/label_93.npy
data/S_57/129.png,129.0,57.0,data/S_57/label_129.npy
data/S_57/143.png,143.0,57.0,data/S_57/label_143.npy
data/S_58/42.png,42.0,58.0,data/S_58/label_42.npy
data/S_58/56.png,56.0,58.0,data/S_58/label_56.npy
data/S_58/59.png,59.0,58.0,data/S_58/label_59.npy
data/S_58/71.png,71.0,58.0,data/S_58/label_71.npy
data/S_58/89.png,89.0,58.0,data/S_58/label_89.npy
data/S_58/90.png,90.0,58.0,data/S_58/label_90.npy
data/S_58/102.png,102.0,58.0,data/S_58/label_102.npy
data/S_58/104.png,104.0,58.0,data/S_58/label_104.npy
data/S_58/108.png,108.0,58.0,data/S_58/label_108.npy
data/S_58/119.png,119.0,58.0,data/S_58/label_119.npy
data/S_58/133.png,133.0,58.0,data/S_58/label_133.npy
data/S_58/173.png,173.0,58.0,data/S_58/label_173.npy
data/S_59/42.png,42.0,59.0,data/S_59/label_42.npy
data/S_59/44.png,44.0,59.0,data/S_59/label_44.npy
data/S_59/60.png,60.0,59.0,data/S_59/label_60.npy
data/S_59/86.png,86.0,59.0,data/S_59/label_86.npy
data/S_59/88.png,88.0,59.0,data/S_59/label_88.npy
data/S_59/92.png,92.0,59.0,data/S_59/label_92.npy
data/S_59/107.png,107.0,59.0,data/S_59/label_107.npy
data/S_59/119.png,119.0,59.0,data/S_59/label_119.npy
data/S_59/135.png,135.0,59.0,data/S_59/label_135.npy
data/S_59/153.png,153.0,59.0,data/S_59/label_153.npy
data/S_60/21.png,21.0,60.0,data/S_60/label_21.npy
data/S_60/36.png,36.0,60.0,data/S_60/label_36.npy
data/S_60/37.png,37.0,60.0,data/S_60/label_37.npy
data/S_60/78.png,78.0,60.0,data/S_60/label_78.npy
data/S_60/82.png,82.0,60.0,data/S_60/label_82.npy
data/S_60/111.png,111.0,60.0,data/S_60/label_111.npy
data/S_60/114.png,114.0,60.0,data/S_60/label_114.npy
data/S_60/126.png,126.0,60.0,data/S_60/label_126.npy
data/S_60/131.png,131.0,60.0,data/S_60/label_131.npy
data/S_61/19.png,19.0,61.0,data/S_61/label_19.npy
data/S_61/55.png,55.0,61.0,data/S_61/label_55.npy
data/S_61/69.png,69.0,61.0,data/S_61/label_69.npy
data/S_61/71.png,71.0,61.0,data/S_61/label_71.npy
data/S_61/90.png,90.0,61.0,data/S_61/label_90.npy
data/S_61/92.png,92.0,61.0,data/S_61/label_92.npy
data/S_61/102.png,102.0,61.0,data/S_61/label_102.npy
data/S_61/116.png,116.0,61.0,data/S_61/label_116.npy
data/S_61/145.png,145.0,61.0,data/S_61/label_145.npy
data/S_62/41.png,41.0,62.0,data/S_62/label_41.npy
data/S_62/73.png,73.0,62.0,data/S_62/label_73.npy
data/S_62/89.png,89.0,62.0,data/S_62/label_89.npy
data/S_62/101.png,101.0,62.0,data/S_62/label_101.npy
data/S_62/113.png,113.0,62.0,data/S_62/label_113.npy
data/S_62/128.png,128.0,62.0,data/S_62/label_128.npy
data/S_62/145.png,145.0,62.0,data/S_62/label_145.npy
data/S_62/146.png,146.0,62.0,data/S_62/label_146.npy
data/S_62/150.png,150.0,62.0,data/S_62/label_150.npy
data/S_63/35.png,35.0,63.0,data/S_63/label_35.npy
data/S_63/38.png,38.0,63.0,data/S_63/label_38.npy
data/S_63/53.png,53.0,63.0,data/S_63/label_53.npy
data/S_63/63.png,63.0,63.0,data/S_63/label_63.npy
data/S_63/66.png,66.0,63.0,data/S_63/label_66.npy
data/S_63/69.png,69.0,63.0,data/S_63/label_69.npy
data/S_63/96.png,96.0,63.0,data/S_63/label_96.npy
data/S_63/134.png,134.0,63.0,data/S_63/label_134.npy
data/S_64/21.png,21.0,64.0,data/S_64/label_21.npy
data/S_64/25.png,25.0,64.0,data/S_64/label_25.npy
data/S_64/39.png,39.0,64.0,data/S_64/label_39.npy
data/S_64/50.png,50.0,64.0,data/S_64/label_50.npy
data/S_64/77.png,77.0,64.0,data/S_64/label_77.npy
data/S_64/94.png,94.0,64.0,data/S_64/label_94.npy
data/S_64/135.png,135.0,64.0,data/S_64/label_135.npy
data/S_64/137.png,137.0,64.0,data/S_64/label_137.npy
data/S_65/18.png,18.0,65.0,data/S_65/label_18.npy
data/S_65/32.png,32.0,65.0,data/S_65/label_32.npy
data/S_65/50.png,50.0,65.0,data/S_65/label_50.npy
data/S_65/76.png,76.0,65.0,data/S_65/label_76.npy
data/S_65/78.png,78.0,65.0,data/S_65/label_78.npy
data/S_65/91.png,91.0,65.0,data/S_65/label_91.npy
data/S_65/108.png,108.0,65.0,data/S_65/label_108.npy
data/S_65/119.png,119.0,65.0,data/S_65/label_119.npy
data/S_66/33.png,33.0,66.0,data/S_66/label_33.npy
data/S_66/38.png,38.0,66.0,data/S_66/label_38.npy
data/S_66/67.png,67.0,66.0,data/S_66/label_67.npy
data/S_66/78.png,78.0,66.0,data/S_66/label_78.npy
data/S_66/81.png,81.0,66.0,data/S_66/label_81.npy
data/S_66/96.png,96.0,66.0,data/S_66/label_96.npy
data/S_66/119.png,119.0,66.0,data/S_66/label_119.npy
data/S_66/129.png,129.0,66.0,data/S_66/label_129.npy
data/S_66/145.png,145.0,66.0,data/S_66/label_145.npy
data/S_67/24.png,24.0,67.0,data/S_67/label_24.npy
data/S_67/38.png,38.0,67.0,data/S_67/label_38.npy
data/S_67/48.png,48.0,67.0,data/S_67/label_48.npy
data/S_67/65.png,65.0,67.0,data/S_67/label_65.npy
data/S_67/70.png,70.0,67.0,data/S_67/label_70.npy
data/S_67/83.png,83.0,67.0,data/S_67/label_83.npy
data/S_67/125.png,125.0,67.0,data/S_67/label_125.npy
data/S_67/137.png,137.0,67.0,data/S_67/label_137.npy
data/S_68/33.png,33.0,68.0,data/S_68/label_33.npy
data/S_68/37.png,37.0,68.0,data/S_68/label_37.npy
data/S_68/62.png,62.0,68.0,data/S_68/label_62.npy
data/S_68/76.png,76.0,68.0,data/S_68/label_76.npy
data/S_68/106.png,106.0,68.0,data/S_68/label_106.npy
data/S_68/119.png,119.0,68.0,data/S_68/label_119.npy
data/S_68/121.png,121.0,68.0,data/S_68/label_121.npy
data/S_68/139.png,139.0,68.0,data/S_68/label_139.npy
data/S_69/48.png,48.0,69.0,data/S_69/label_48.npy
data/S_69/64.png,64.0,69.0,data/S_69/label_64.npy
data/S_69/67.png,67.0,69.0,data/S_69/label_67.npy
data/S_69/81.png,81.0,69.0,data/S_69/label_81.npy
data/S_69/120.png,120.0,69.0,data/S_69/label_120.npy
data/S_69/122.png,122.0,69.0,data/S_69/label_122.npy
data/S_69/136.png,136.0,69.0,data/S_69/label_136.npy
data/S_69/138.png,138.0,69.0,data/S_69/label_138.npy
data/S_70/34.png,34.0,70.0,data/S_70/label_34.npy
data/S_70/50.png,50.0,70.0,data/S_70/label_50.npy
data/S_70/67.png,67.0,70.0,data/S_70/label_67.npy
data/S_70/78.png,78.0,70.0,data/S_70/label_78.npy
data/S_70/81.png,81.0,70.0,data/S_70/label_81.npy
data/S_70/122.png,122.0,70.0,data/S_70/label_122.npy
data/S_70/123.png,123.0,70.0,data/S_70/label_123.npy
data/S_70/138.png,138.0,70.0,data/S_70/label_138.npy
data/S_71/21.png,21.0,71.0,data/S_71/label_21.npy
data/S_71/25.png,25.0,71.0,data/S_71/label_25.npy
data/S_71/38.png,38.0,71.0,data/S_71/label_38.npy
data/S_71/94.png,94.0,71.0,data/S_71/label_94.npy
data/S_71/106.png,106.0,71.0,data/S_71/label_106.npy
data/S_71/111.png,111.0,71.0,data/S_71/label_111.npy
data/S_71/124.png,124.0,71.0,data/S_71/label_124.npy
data/S_71/138.png,138.0,71.0,data/S_71/label_138.npy
data/S_72/23.png,23.0,72.0,data/S_72/label_23.npy
data/S_72/34.png,34.0,72.0,data/S_72/label_34.npy
data/S_72/39.png,39.0,72.0,data/S_72/label_39.npy
data/S_72/107.png,107.0,72.0,data/S_72/label_107.npy
data/S_72/109.png,109.0,72.0,data/S_72/label_109.npy
data/S_72/121.png,121.0,72.0,data/S_72/label_121.npy
data/S_72/126.png,126.0,72.0,data/S_72/label_126.npy
data/S_72/138.png,138.0,72.0,data/S_72/label_138.npy
data/S_73/49.png,49.0,73.0,data/S_73/label_49.npy
data/S_73/62.png,62.0,73.0,data/S_73/label_62.npy
data/S_73/66.png,66.0,73.0,data/S_73/label_66.npy
data/S_73/107.png,107.0,73.0,data/S_73/label_107.npy
data/S_73/108.png,108.0,73.0,data/S_73/label_108.npy
data/S_73/122.png,122.0,73.0,data/S_73/label_122.npy
data/S_73/138.png,138.0,73.0,data/S_73/label_138.npy
data/S_73/139.png,139.0,73.0,data/S_73/label_139.npy
data/S_74/22.png,22.0,74.0,data/S_74/label_22.npy
data/S_74/49.png,49.0,74.0,data/S_74/label_49.npy
data/S_74/50.png,50.0,74.0,data/S_74/label_50.npy
data/S_74/67.png,67.0,74.0,data/S_74/label_67.npy
data/S_74/79.png,79.0,74.0,data/S_74/label_79.npy
data/S_74/96.png,96.0,74.0,data/S_74/label_96.npy
data/S_74/125.png,125.0,74.0,data/S_74/label_125.npy
data/S_74/137.png,137.0,74.0,data/S_74/label_137.npy
data/S_75/22.png,22.0,75.0,data/S_75/label_22.npy
data/S_75/40.png,40.0,75.0,data/S_75/label_40.npy
data/S_75/51.png,51.0,75.0,data/S_75/label_51.npy
data/S_75/68.png,68.0,75.0,data/S_75/label_68.npy
data/S_75/94.png,94.0,75.0,data/S_75/label_94.npy
data/S_75/95.png,95.0,75.0,data/S_75/label_95.npy
data/S_75/115.png,115.0,75.0,data/S_75/label_115.npy
data/S_75/140.png,140.0,75.0,data/S_75/label_140.npy
data/S_76/20.png,20.0,76.0,data/S_76/label_20.npy
data/S_76/35.png,35.0,76.0,data/S_76/label_35.npy
data/S_76/40.png,40.0,76.0,data/S_76/label_40.npy
data/S_76/54.png,54.0,76.0,data/S_76/label_54.npy
data/S_76/81.png,81.0,76.0,data/S_76/label_81.npy
data/S_76/82.png,82.0,76.0,data/S_76/label_82.npy
data/S_76/124.png,124.0,76.0,data/S_76/label_124.npy
data/S_76/138.png,138.0,76.0,data/S_76/label_138.npy
data/S_77/23.png,23.0,77.0,data/S_77/label_23.npy
data/S_77/40.png,40.0,77.0,data/S_77/label_40.npy
data/S_77/65.png,65.0,77.0,data/S_77/label_65.npy
data/S_77/81.png,81.0,77.0,data/S_77/label_81.npy
data/S_77/84.png,84.0,77.0,data/S_77/label_84.npy
data/S_77/85.png,85.0,77.0,data/S_77/label_85.npy
data/S_77/125.png,125.0,77.0,data/S_77/label_125.npy
data/S_77/129.png,129.0,77.0,data/S_77/label_129.npy
data/S_78/25.png,25.0,78.0,data/S_78/label_25.npy
data/S_78/41.png,41.0,78.0,data/S_78/label_41.npy
data/S_78/50.png,50.0,78.0,data/S_78/label_50.npy
data/S_78/53.png,53.0,78.0,data/S_78/label_53.npy
data/S_78/96.png,96.0,78.0,data/S_78/label_96.npy
data/S_78/110.png,110.0,78.0,data/S_78/label_110.npy
data/S_78/111.png,111.0,78.0,data/S_78/label_111.npy
data/S_78/141.png,141.0,78.0,data/S_78/label_141.npy
data/S_79/49.png,49.0,79.0,data/S_79/label_49.npy
data/S_79/54.png,54.0,79.0,data/S_79/label_54.npy
data/S_79/65.png,65.0,79.0,data/S_79/label_65.npy
data/S_79/66.png,66.0,79.0,data/S_79/label_66.npy
data/S_79/80.png,80.0,79.0,data/S_79/label_80.npy
data/S_79/98.png,98.0,79.0,data/S_79/label_98.npy
data/S_79/128.png,128.0,79.0,data/S_79/label_128.npy
data/S_79/139.png,139.0,79.0,data/S_79/label_139.npy
data/S_80/22.png,22.0,80.0,data/S_80/label_22.npy
data/S_80/24.png,24.0,80.0,data/S_80/label_24.npy
data/S_80/38.png,38.0,80.0,data/S_80/label_38.npy
data/S_80/92.png,92.0,80.0,data/S_80/label_92.npy
data/S_80/95.png,95.0,80.0,data/S_80/label_95.npy
data/S_80/113.png,113.0,80.0,data/S_80/label_113.npy
data/S_80/139.png,139.0,80.0,data/S_80/label_139.npy
data/S_80/140.png,140.0,80.0,data/S_80/label_140.npy
data/S_81/32.png,32.0,81.0,data/S_81/label_32.npy
data/S_81/47.png,47.0,81.0,data/S_81/label_47.npy
data/S_81/60.png,60.0,81.0,data/S_81/label_60.npy
data/S_81/62.png,62.0,81.0,data/S_81/label_62.npy
data/S_81/101.png,101.0,81.0,data/S_81/label_101.npy
data/S_81/114.png,114.0,81.0,data/S_81/label_114.npy
data/S_81/132.png,132.0,81.0,data/S_81/label_132.npy
data/S_82/34.png,34.0,82.0,data/S_82/label_34.npy
data/S_82/38.png,38.0,82.0,data/S_82/label_38.npy
data/S_82/48.png,48.0,82.0,data/S_82/label_48.npy
data/S_82/49.png,49.0,82.0,data/S_82/label_49.npy
data/S_82/81.png,81.0,82.0,data/S_82/label_81.npy
data/S_82/82.png,82.0,82.0,data/S_82/label_82.npy
data/S_82/110.png,110.0,82.0,data/S_82/label_110.npy
data/S_82/127.png,127.0,82.0,data/S_82/label_127.npy
data/S_83/21.png,21.0,83.0,data/S_83/label_21.npy
data/S_83/36.png,36.0,83.0,data/S_83/label_36.npy
data/S_83/75.png,75.0,83.0,data/S_83/label_75.npy
data/S_83/79.png,79.0,83.0,data/S_83/label_79.npy
data/S_83/92.png,92.0,83.0,data/S_83/label_92.npy
data/S_83/105.png,105.0,83.0,data/S_83/label_105.npy
data/S_83/110.png,110.0,83.0,data/S_83/label_110.npy
data/S_83/139.png,139.0,83.0,data/S_83/label_139.npy
data/S_83/152.png,152.0,83.0,data/S_83/label_152.npy
data/S_84/23.png,23.0,84.0,data/S_84/label_23.npy
data/S_84/38.png,38.0,84.0,data/S_84/label_38.npy
data/S_84/50.png,50.0,84.0,data/S_84/label_50.npy
data/S_84/52.png,52.0,84.0,data/S_84/label_52.npy
data/S_84/67.png,67.0,84.0,data/S_84/label_67.npy
data/S_84/97.png,97.0,84.0,data/S_84/label_97.npy
data/S_84/111.png,111.0,84.0,data/S_84/label_111.npy
data/S_84/129.png,129.0,84.0,data/S_84/label_129.npy
data/S_85/22.png,22.0,85.0,data/S_85/label_22.npy
data/S_85/33.png,33.0,85.0,data/S_85/label_33.npy
data/S_85/37.png,37.0,85.0,data/S_85/label_37.npy
data/S_85/39.png,39.0,85.0,data/S_85/label_39.npy
data/S_85/98.png,98.0,85.0,data/S_85/label_98.npy
data/S_85/100.png,100.0,85.0,data/S_85/label_100.npy
data/S_85/113.png,113.0,85.0,data/S_85/label_113.npy
data/S_85/116.png,116.0,85.0,data/S_85/label_116.npy
data/S_86/46.png,46.0,86.0,data/S_86/label_46.npy
data/S_86/48.png,48.0,86.0,data/S_86/label_48.npy
data/S_86/63.png,63.0,86.0,data/S_86/label_63.npy
data/S_86/86.png,86.0,86.0,data/S_86/label_86.npy
data/S_86/88.png,88.0,86.0,data/S_86/label_88.npy
data/S_86/106.png,106.0,86.0,data/S_86/label_106.npy
data/S_86/118.png,118.0,86.0,data/S_86/label_118.npy
data/S_87/19.png,19.0,87.0,data/S_87/label_19.npy
data/S_87/63.png,63.0,87.0,data/S_87/label_63.npy
data/S_87/66.png,66.0,87.0,data/S_87/label_66.npy
data/S_87/79.png,79.0,87.0,data/S_87/label_79.npy
data/S_87/84.png,84.0,87.0,data/S_87/label_84.npy
data/S_87/95.png,95.0,87.0,data/S_87/label_95.npy
data/S_87/99.png,99.0,87.0,data/S_87/label_99.npy
data/S_87/123.png,123.0,87.0,data/S_87/label_123.npy
data/S_88/37.png,37.0,88.0,data/S_88/label_37.npy
data/S_88/50.png,50.0,88.0,data/S_88/label_50.npy
data/S_88/66.png,66.0,88.0,data/S_88/label_66.npy
data/S_88/85.png,85.0,88.0,data/S_88/label_85.npy
data/S_88/98.png,98.0,88.0,data/S_88/label_98.npy
data/S_88/113.png,113.0,88.0,data/S_88/label_113.npy
data/S_88/116.png,116.0,88.0,data/S_88/label_116.npy
data/S_88/143.png,143.0,88.0,data/S_88/label_143.npy
data/S_89/33.png,33.0,89.0,data/S_89/label_33.npy
data/S_89/34.png,34.0,89.0,data/S_89/label_34.npy
data/S_89/51.png,51.0,89.0,data/S_89/label_51.npy
data/S_89/54.png,54.0,89.0,data/S_89/label_54.npy
data/S_89/63.png,63.0,89.0,data/S_89/label_63.npy
data/S_89/65.png,65.0,89.0,data/S_89/label_65.npy
data/S_89/81.png,81.0,89.0,data/S_89/label_81.npy
data/S_89/145.png,145.0,89.0,data/S_89/label_145.npy
data/S_90/39.png,39.0,90.0,data/S_90/label_39.npy
data/S_90/57.png,57.0,90.0,data/S_90/label_57.npy
data/S_90/72.png,72.0,90.0,data/S_90/label_72.npy
data/S_90/104.png,104.0,90.0,data/S_90/label_104.npy
data/S_90/118.png,118.0,90.0,data/S_90/label_118.npy
data/S_90/129.png,129.0,90.0,data/S_90/label_129.npy
data/S_90/132.png,132.0,90.0,data/S_90/label_132.npy
data/S_90/142.png,142.0,90.0,data/S_90/label_142.npy
data/S_91/20.png,20.0,91.0,data/S_91/label_20.npy
data/S_91/47.png,47.0,91.0,data/S_91/label_47.npy
data/S_91/49.png,49.0,91.0,data/S_91/label_49.npy
data/S_91/52.png,52.0,91.0,data/S_91/label_52.npy
data/S_91/72.png,72.0,91.0,data/S_91/label_72.npy
data/S_91/86.png,86.0,91.0,data/S_91/label_86.npy
data/S_91/104.png,104.0,91.0,data/S_91/label_104.npy
data/S_91/118.png,118.0,91.0,data/S_91/label_118.npy
data/S_91/123.png,123.0,91.0,data/S_91/label_123.npy
data/S_92/20.png,20.0,92.0,data/S_92/label_20.npy
data/S_92/77.png,77.0,92.0,data/S_92/label_77.npy
data/S_92/94.png,94.0,92.0,data/S_92/label_94.npy
data/S_92/104.png,104.0,92.0,data/S_92/label_104.npy
data/S_92/107.png,107.0,92.0,data/S_92/label_107.npy
data/S_92/117.png,117.0,92.0,data/S_92/label_117.npy
data/S_92/119.png,119.0,92.0,data/S_92/label_119.npy
data/S_93/24.png,24.0,93.0,data/S_93/label_24.npy
data/S_93/54.png,54.0,93.0,data/S_93/label_54.npy
data/S_93/72.png,72.0,93.0,data/S_93/label_72.npy
data/S_93/73.png,73.0,93.0,data/S_93/label_73.npy
data/S_93/85.png,85.0,93.0,data/S_93/label_85.npy
data/S_93/102.png,102.0,93.0,data/S_93/label_102.npy
data/S_93/112.png,112.0,93.0,data/S_93/label_112.npy
data/S_93/149.png,149.0,93.0,data/S_93/label_149.npy
data/S_94/20.png,20.0,94.0,data/S_94/label_20.npy
data/S_94/41.png,41.0,94.0,data/S_94/label_41.npy
data/S_94/51.png,51.0,94.0,data/S_94/label_51.npy
data/S_94/53.png,53.0,94.0,data/S_94/label_53.npy
data/S_94/77.png,77.0,94.0,data/S_94/label_77.npy
data/S_94/97.png,97.0,94.0,data/S_94/label_97.npy
data/S_94/113.png,113.0,94.0,data/S_94/label_113.npy
data/S_94/139.png,139.0,94.0,data/S_94/label_139.npy
data/S_94/158.png,158.0,94.0,data/S_94/label_158.npy
data/S_95/58.png,58.0,95.0,data/S_95/label_58.npy
data/S_95/59.png,59.0,95.0,data/S_95/label_59.npy
data/S_95/73.png,73.0,95.0,data/S_95/label_73.npy
data/S_95/90.png,90.0,95.0,data/S_95/label_90.npy
data/S_95/107.png,107.0,95.0,data/S_95/label_107.npy
data/S_95/108.png,108.0,95.0,data/S_95/label_108.npy
data/S_95/122.png,122.0,95.0,data/S_95/label_122.npy
data/S_95/124.png,124.0,95.0,data/S_95/label_124.npy
data/S_95/142.png,142.0,95.0,data/S_95/label_142.npy
data/S_96/21.png,21.0,96.0,data/S_96/label_21.npy
data/S_96/23.png,23.0,96.0,data/S_96/label_23.npy
data/S_96/40.png,40.0,96.0,data/S_96/label_40.npy
data/S_96/51.png,51.0,96.0,data/S_96/label_51.npy
data/S_96/70.png,70.0,96.0,data/S_96/label_70.npy
data/S_96/71.png,71.0,96.0,data/S_96/label_71.npy
data/S_96/90.png,90.0,96.0,data/S_96/label_90.npy
data/S_96/144.png,144.0,96.0,data/S_96/label_144.npy
data/S_96/160.png,160.0,96.0,data/S_96/label_160.npy
data/S_97/19.png,19.0,97.0,data/S_97/label_19.npy
data/S_97/49.png,49.0,97.0,data/S_97/label_49.npy
data/S_97/79.png,79.0,97.0,data/S_97/label_79.npy
data/S_97/106.png,106.0,97.0,data/S_97/label_106.npy
data/S_97/119.png,119.0,97.0,data/S_97/label_119.npy
data/S_97/120.png,120.0,97.0,data/S_97/label_120.npy
data/S_97/135.png,135.0,97.0,data/S_97/label_135.npy
data/S_98/23.png,23.0,98.0,data/S_98/label_23.npy
data/S_98/35.png,35.0,98.0,data/S_98/label_35.npy
data/S_98/38.png,38.0,98.0,data/S_98/label_38.npy
data/S_98/66.png,66.0,98.0,data/S_98/label_66.npy
data/S_98/79.png,79.0,98.0,data/S_98/label_79.npy
data/S_98/83.png,83.0,98.0,data/S_98/label_83.npy
data/S_98/92.png,92.0,98.0,data/S_98/label_92.npy
data/S_99/22.png,22.0,99.0,data/S_99/label_22.npy
data/S_99/38.png,38.0,99.0,data/S_99/label_38.npy
data/S_99/55.png,55.0,99.0,data/S_99/label_55.npy
data/S_99/67.png,67.0,99.0,data/S_99/label_67.npy
data/S_99/114.png,114.0,99.0,data/S_99/label_114.npy
data/S_99/129.png,129.0,99.0,data/S_99/label_129.npy
data/S_99/132.png,132.0,99.0,data/S_99/label_132.npy
data/S_99/148.png,148.0,99.0,data/S_99/label_148.npy
data/S_100/23.png,23.0,100.0,data/S_100/label_23.npy
data/S_100/24.png,24.0,100.0,data/S_100/label_24.npy
data/S_100/39.png,39.0,100.0,data/S_100/label_39.npy
data/S_100/49.png,49.0,100.0,data/S_100/label_49.npy
data/S_100/79.png,79.0,100.0,data/S_100/label_79.npy
data/S_100/119.png,119.0,100.0,data/S_100/label_119.npy
data/S_100/138.png,138.0,100.0,data/S_100/label_138.npy
data/S_101/19.png,19.0,101.0,data/S_101/label_19.npy
data/S_101/23.png,23.0,101.0,data/S_101/label_23.npy
data/S_101/51.png,51.0,101.0,data/S_101/label_51.npy
data/S_101/76.png,76.0,101.0,data/S_101/label_76.npy
data/S_101/91.png,91.0,101.0,data/S_101/label_91.npy
data/S_101/107.png,107.0,101.0,data/S_101/label_107.npy
data/S_101/138.png,138.0,101.0,data/S_101/label_138.npy
data/S_102/24.png,24.0,102.0,data/S_102/label_24.npy
data/S_102/37.png,37.0,102.0,data/S_102/label_37.npy
data/S_102/63.png,63.0,102.0,data/S_102/label_63.npy
data/S_102/79.png,79.0,102.0,data/S_102/label_79.npy
data/S_102/95.png,95.0,102.0,data/S_102/label_95.npy
data/S_102/109.png,109.0,102.0,data/S_102/label_109.npy
data/S_102/135.png,135.0,102.0,data/S_102/label_135.npy
data/S_103/47.png,47.0,103.0,data/S_103/label_47.npy
data/S_103/62.png,62.0,103.0,data/S_103/label_62.npy
data/S_103/76.png,76.0,103.0,data/S_103/label_76.npy
data/S_103/78.png,78.0,103.0,data/S_103/label_78.npy
data/S_103/93.png,93.0,103.0,data/S_103/label_93.npy
data/S_103/108.png,108.0,103.0,data/S_103/label_108.npy
data/S_103/138.png,138.0,103.0,data/S_103/label_138.npy
data/S_104/35.png,35.0,104.0,data/S_104/label_35.npy
data/S_104/52.png,52.0,104.0,data/S_104/label_52.npy
data/S_104/62.png,62.0,104.0,data/S_104/label_62.npy
data/S_104/79.png,79.0,104.0,data/S_104/label_79.npy
data/S_104/104.png,104.0,104.0,data/S_104/label_104.npy
data/S_104/123.png,123.0,104.0,data/S_104/label_123.npy
data/S_104/137.png,137.0,104.0,data/S_104/label_137.npy
data/S_105/24.png,24.0,105.0,data/S_105/label_24.npy
data/S_105/39.png,39.0,105.0,data/S_105/label_39.npy
data/S_105/43.png,43.0,105.0,data/S_105/label_43.npy
data/S_105/53.png,53.0,105.0,data/S_105/label_53.npy
data/S_105/84.png,84.0,105.0,data/S_105/label_84.npy
data/S_105/87.png,87.0,105.0,data/S_105/label_87.npy
data/S_105/102.png,102.0,105.0,data/S_105/label_102.npy
data/S_105/150.png,150.0,105.0,data/S_105/label_150.npy
data/S_106/23.png,23.0,106.0,data/S_106/label_23.npy
data/S_106/36.png,36.0,106.0,data/S_106/label_36.npy
data/S_106/39.png,39.0,106.0,data/S_106/label_39.npy
data/S_106/50.png,50.0,106.0,data/S_106/label_50.npy
data/S_106/52.png,52.0,106.0,data/S_106/label_52.npy
data/S_106/69.png,69.0,106.0,data/S_106/label_69.npy
data/S_106/95.png,95.0,106.0,data/S_106/label_95.npy
data/S_107/21.png,21.0,107.0,data/S_107/label_21.npy
data/S_107/22.png,22.0,107.0,data/S_107/label_22.npy
data/S_107/61.png,61.0,107.0,data/S_107/label_61.npy
data/S_107/65.png,65.0,107.0,data/S_107/label_65.npy
data/S_107/76.png,76.0,107.0,data/S_107/label_76.npy
data/S_107/106.png,106.0,107.0,data/S_107/label_106.npy
data/S_107/122.png,122.0,107.0,data/S_107/label_122.npy
data/S_108/36.png,36.0,108.0,data/S_108/label_36.npy
data/S_108/66.png,66.0,108.0,data/S_108/label_66.npy
data/S_108/77.png,77.0,108.0,data/S_108/label_77.npy
data/S_108/93.png,93.0,108.0,data/S_108/label_93.npy
data/S_108/94.png,94.0,108.0,data/S_108/label_94.npy
data/S_108/122.png,122.0,108.0,data/S_108/label_122.npy
data/S_108/126.png,126.0,108.0,data/S_108/label_126.npy
data/S_109/21.png,21.0,109.0,data/S_109/label_21.npy
data/S_109/49.png,49.0,109.0,data/S_109/label_49.npy
data/S_109/67.png,67.0,109.0,data/S_109/label_67.npy
data/S_109/82.png,82.0,109.0,data/S_109/label_82.npy
data/S_109/107.png,107.0,109.0,data/S_109/label_107.npy
data/S_109/122.png,122.0,109.0,data/S_109/label_122.npy
data/S_109/138.png,138.0,109.0,data/S_109/label_138.npy
data/S_110/33.png,33.0,110.0,data/S_110/label_33.npy
data/S_110/48.png,48.0,110.0,data/S_110/label_48.npy
data/S_110/49.png,49.0,110.0,data/S_110/label_49.npy
data/S_110/65.png,65.0,110.0,data/S_110/label_65.npy
data/S_110/83.png,83.0,110.0,data/S_110/label_83.npy
data/S_110/93.png,93.0,110.0,data/S_110/label_93.npy
data/S_110/94.png,94.0,110.0,data/S_110/label_94.npy
data/S_111/51.png,51.0,111.0,data/S_111/label_51.npy
data/S_111/63.png,63.0,111.0,data/S_111/label_63.npy
data/S_111/78.png,78.0,111.0,data/S_111/label_78.npy
data/S_111/79.png,79.0,111.0,data/S_111/label_79.npy
data/S_111/106.png,106.0,111.0,data/S_111/label_106.npy
data/S_111/108.png,108.0,111.0,data/S_111/label_108.npy
data/S_111/133.png,133.0,111.0,data/S_111/label_133.npy
data/S_112/37.png,37.0,112.0,data/S_112/label_37.npy
data/S_112/50.png,50.0,112.0,data/S_112/label_50.npy
data/S_112/65.png,65.0,112.0,data/S_112/label_65.npy
data/S_112/67.png,67.0,112.0,data/S_112/label_67.npy
data/S_112/79.png,79.0,112.0,data/S_112/label_79.npy
data/S_112/109.png,109.0,112.0,data/S_112/label_109.npy
data/S_112/136.png,136.0,112.0,data/S_112/label_136.npy
data/S_113/20.png,20.0,113.0,data/S_113/label_20.npy
data/S_113/34.png,34.0,113.0,data/S_113/label_34.npy
data/S_113/35.png,35.0,113.0,data/S_113/label_35.npy
data/S_113/65.png,65.0,113.0,data/S_113/label_65.npy
data/S_113/83.png,83.0,113.0,data/S_113/label_83.npy
data/S_113/111.png,111.0,113.0,data/S_113/label_111.npy
data/S_113/124.png,124.0,113.0,data/S_113/label_124.npy
data/S_114/36.png,36.0,114.0,data/S_114/label_36.npy
data/S_114/48.png,48.0,114.0,data/S_114/label_48.npy
data/S_114/92.png,92.0,114.0,data/S_114/label_92.npy
data/S_114/96.png,96.0,114.0,data/S_114/label_96.npy
data/S_114/120.png,120.0,114.0,data/S_114/label_120.npy
data/S_114/123.png,123.0,114.0,data/S_114/label_123.npy
data/S_114/136.png,136.0,114.0,data/S_114/label_136.npy
data/S_115/23.png,23.0,115.0,data/S_115/label_23.npy
data/S_115/60.png,60.0,115.0,data/S_115/label_60.npy
data/S_115/62.png,62.0,115.0,data/S_115/label_62.npy
data/S_115/80.png,80.0,115.0,data/S_115/label_80.npy
data/S_115/89.png,89.0,115.0,data/S_115/label_89.npy
data/S_115/92.png,92.0,115.0,data/S_115/label_92.npy
data/S_115/120.png,120.0,115.0,data/S_115/label_120.npy
data/S_116/22.png,22.0,116.0,data/S_116/label_22.npy
data/S_116/38.png,38.0,116.0,data/S_116/label_38.npy
data/S_116/50.png,50.0,116.0,data/S_116/label_50.npy
data/S_116/65.png,65.0,116.0,data/S_116/label_65.npy
data/S_116/78.png,78.0,116.0,data/S_116/label_78.npy
data/S_116/110.png,110.0,116.0,data/S_116/label_110.npy
data/S_116/120.png,120.0,116.0,data/S_116/label_120.npy
data/S_117/24.png,24.0,117.0,data/S_117/label_24.npy
data/S_117/59.png,59.0,117.0,data/S_117/label_59.npy
data/S_117/101.png,101.0,117.0,data/S_117/label_101.npy
data/S_117/112.png,112.0,117.0,data/S_117/label_112.npy
data/S_117/114.png,114.0,117.0,data/S_117/label_114.npy
data/S_117/132.png,132.0,117.0,data/S_117/label_132.npy
data/S_117/137.png,137.0,117.0,data/S_117/label_137.npy
data/S_117/147.png,147.0,117.0,data/S_117/label_147.npy
data/S_118/38.png,38.0,118.0,data/S_118/label_38.npy
data/S_118/67.png,67.0,118.0,data/S_118/label_67.npy
data/S_118/85.png,85.0,118.0,data/S_118/label_85.npy
data/S_118/97.png,97.0,118.0,data/S_118/label_97.npy
data/S_118/100.png,100.0,118.0,data/S_118/label_100.npy
data/S_118/115.png,115.0,118.0,data/S_118/label_115.npy
data/S_118/150.png,150.0,118.0,data/S_118/label_150.npy
data/S_118/151.png,151.0,118.0,data/S_118/label_151.npy
data/S_119/24.png,24.0,119.0,data/S_119/label_24.npy
data/S_119/35.png,35.0,119.0,data/S_119/label_35.npy
data/S_119/64.png,64.0,119.0,data/S_119/label_64.npy
data/S_119/67.png,67.0,119.0,data/S_119/label_67.npy
data/S_119/80.png,80.0,119.0,data/S_119/label_80.npy
data/S_119/82.png,82.0,119.0,data/S_119/label_82.npy
data/S_119/110.png,110.0,119.0,data/S_119/label_110.npy
data/S_120/34.png,34.0,120.0,data/S_120/label_34.npy
data/S_120/61.png,61.0,120.0,data/S_120/label_61.npy
data/S_120/65.png,65.0,120.0,data/S_120/label_65.npy
data/S_120/106.png,106.0,120.0,data/S_120/label_106.npy
data/S_120/107.png,107.0,120.0,data/S_120/label_107.npy
data/S_120/124.png,124.0,120.0,data/S_120/label_124.npy
data/S_120/137.png,137.0,120.0,data/S_120/label_137.npy
data/S_121/35.png,35.0,121.0,data/S_121/label_35.npy
data/S_121/48.png,48.0,121.0,data/S_121/label_48.npy
data/S_121/67.png,67.0,121.0,data/S_121/label_67.npy
data/S_121/78.png,78.0,121.0,data/S_121/label_78.npy
data/S_121/109.png,109.0,121.0,data/S_121/label_109.npy
data/S_121/125.png,125.0,121.0,data/S_121/label_125.npy
data/S_121/141.png,141.0,121.0,data/S_121/label_141.npy
data/S_122/36.png,36.0,122.0,data/S_122/label_36.npy
data/S_122/50.png,50.0,122.0,data/S_122/label_50.npy
data/S_122/53.png,53.0,122.0,data/S_122/label_53.npy
data/S_122/93.png,93.0,122.0,data/S_122/label_93.npy
data/S_122/123.png,123.0,122.0,data/S_122/label_123.npy
data/S_122/135.png,135.0,122.0,data/S_122/label_135.npy
data/S_122/140.png,140.0,122.0,data/S_122/label_140.npy
data/S_123/22.png,22.0,123.0,data/S_123/label_22.npy
data/S_123/35.png,35.0,123.0,data/S_123/label_35.npy
data/S_123/50.png,50.0,123.0,data/S_123/label_50.npy
data/S_123/67.png,67.0,123.0,data/S_123/label_67.npy
data/S_123/79.png,79.0,123.0,data/S_123/label_79.npy
data/S_123/124.png,124.0,123.0,data/S_123/label_124.npy
data/S_123/136.png,136.0,123.0,data/S_123/label_136.npy
data/S_124/49.png,49.0,124.0,data/S_124/label_49.npy
data/S_124/60.png,60.0,124.0,data/S_124/label_60.npy
data/S_124/64.png,64.0,124.0,data/S_124/label_64.npy
data/S_124/77.png,77.0,124.0,data/S_124/label_77.npy
data/S_124/105.png,105.0,124.0,data/S_124/label_105.npy
data/S_124/119.png,119.0,124.0,data/S_124/label_119.npy
data/S_124/139.png,139.0,124.0,data/S_124/label_139.npy
data/S_125/74.png,74.0,125.0,data/S_125/label_74.npy
data/S_125/76.png,76.0,125.0,data/S_125/label_76.npy
data/S_125/90.png,90.0,125.0,data/S_125/label_90.npy
data/S_125/93.png,93.0,125.0,data/S_125/label_93.npy
data/S_125/123.png,123.0,125.0,data/S_125/label_123.npy
data/S_125/138.png,138.0,125.0,data/S_125/label_138.npy
data/S_125/140.png,140.0,125.0,data/S_125/label_140.npy
data/S_126/19.png,19.0,126.0,data/S_126/label_19.npy
data/S_126/47.png,47.0,126.0,data/S_126/label_47.npy
data/S_126/63.png,63.0,126.0,data/S_126/label_63.npy
data/S_126/91.png,91.0,126.0,data/S_126/label_91.npy
data/S_126/93.png,93.0,126.0,data/S_126/label_93.npy
data/S_126/123.png,123.0,126.0,data/S_126/label_123.npy
data/S_126/140.png,140.0,126.0,data/S_126/label_140.npy
data/S_127/34.png,34.0,127.0,data/S_127/label_34.npy
data/S_127/36.png,36.0,127.0,data/S_127/label_36.npy
data/S_127/47.png,47.0,127.0,data/S_127/label_47.npy
data/S_127/50.png,50.0,127.0,data/S_127/label_50.npy
data/S_127/120.png,120.0,127.0,data/S_127/label_120.npy
data/S_127/123.png,123.0,127.0,data/S_127/label_123.npy
data/S_127/136.png,136.0,127.0,data/S_127/label_136.npy
data/S_128/23.png,23.0,128.0,data/S_128/label_23.npy
data/S_128/24.png,24.0,128.0,data/S_128/label_24.npy
data/S_128/53.png,53.0,128.0,data/S_128/label_53.npy
data/S_128/68.png,68.0,128.0,data/S_128/label_68.npy
data/S_128/97.png,97.0,128.0,data/S_128/label_97.npy
data/S_128/110.png,110.0,128.0,data/S_128/label_110.npy
data/S_128/139.png,139.0,128.0,data/S_128/label_139.npy
data/S_129/25.png,25.0,129.0,data/S_129/label_25.npy
data/S_129/42.png,42.0,129.0,data/S_129/label_42.npy
data/S_129/57.png,57.0,129.0,data/S_129/label_57.npy
data/S_129/87.png,87.0,129.0,data/S_129/label_87.npy
data/S_129/88.png,88.0,129.0,data/S_129/label_88.npy
data/S_129/137.png,137.0,129.0,data/S_129/label_137.npy
data/S_129/149.png,149.0,129.0,data/S_129/label_149.npy
data/S_129/153.png,153.0,129.0,data/S_129/label_153.npy
data/S_130/23.png,23.0,130.0,data/S_130/label_23.npy
data/S_130/35.png,35.0,130.0,data/S_130/label_35.npy
data/S_130/63.png,63.0,130.0,data/S_130/label_63.npy
data/S_130/77.png,77.0,130.0,data/S_130/label_77.npy
data/S_130/93.png,93.0,130.0,data/S_130/label_93.npy
data/S_130/106.png,106.0,130.0,data/S_130/label_106.npy
data/S_130/136.png,136.0,130.0,data/S_130/label_136.npy
data/S_130/153.png,153.0,130.0,data/S_130/label_153.npy
data/S_131/67.png,67.0,131.0,data/S_131/label_67.npy
data/S_131/80.png,80.0,131.0,data/S_131/label_80.npy
data/S_131/96.png,96.0,131.0,data/S_131/label_96.npy
data/S_131/112.png,112.0,131.0,data/S_131/label_112.npy
data/S_131/123.png,123.0,131.0,data/S_131/label_123.npy
data/S_131/127.png,127.0,131.0,data/S_131/label_127.npy
data/S_131/142.png,142.0,131.0,data/S_131/label_142.npy
data/S_132/21.png,21.0,132.0,data/S_132/label_21.npy
data/S_132/50.png,50.0,132.0,data/S_132/label_50.npy
data/S_132/53.png,53.0,132.0,data/S_132/label_53.npy
data/S_132/68.png,68.0,132.0,data/S_132/label_68.npy
data/S_132/83.png,83.0,132.0,data/S_132/label_83.npy
data/S_132/94.png,94.0,132.0,data/S_132/label_94.npy
data/S_132/139.png,139.0,132.0,data/S_132/label_139.npy
data/S_133/21.png,21.0,133.0,data/S_133/label_21.npy
data/S_133/49.png,49.0,133.0,data/S_133/label_49.npy
data/S_133/82.png,82.0,133.0,data/S_133/label_82.npy
data/S_133/106.png,106.0,133.0,data/S_133/label_106.npy
data/S_133/109.png,109.0,133.0,data/S_133/label_109.npy
data/S_133/121.png,121.0,133.0,data/S_133/label_121.npy
data/S_133/142.png,142.0,133.0,data/S_133/label_142.npy
data/S_134/21.png,21.0,134.0,data/S_134/label_21.npy
data/S_134/49.png,49.0,134.0,data/S_134/label_49.npy
data/S_134/66.png,66.0,134.0,data/S_134/label_66.npy
data/S_134/94.png,94.0,134.0,data/S_134/label_94.npy
data/S_134/110.png,110.0,134.0,data/S_134/label_110.npy
data/S_134/140.png,140.0,134.0,data/S_134/label_140.npy
data/S_134/142.png,142.0,134.0,data/S_134/label_142.npy
data/S_135/22.png,22.0,135.0,data/S_135/label_22.npy
data/S_135/39.png,39.0,135.0,data/S_135/label_39.npy
data/S_135/53.png,53.0,135.0,data/S_135/label_53.npy
data/S_135/70.png,70.0,135.0,data/S_135/label_70.npy
data/S_135/122.png,122.0,135.0,data/S_135/label_122.npy
data/S_135/137.png,137.0,135.0,data/S_135/label_137.npy
data/S_135/140.png,140.0,135.0,data/S_135/label_140.npy
data/S_136/22.png,22.0,136.0,data/S_136/label_22.npy
data/S_136/35.png,35.0,136.0,data/S_136/label_35.npy
data/S_136/49.png,49.0,136.0,data/S_136/label_49.npy
data/S_136/67.png,67.0,136.0,data/S_136/label_67.npy
data/S_136/98.png,98.0,136.0,data/S_136/label_98.npy
data/S_136/122.png,122.0,136.0,data/S_136/label_122.npy
data/S_136/141.png,141.0,136.0,data/S_136/label_141.npy
data/S_137/20.png,20.0,137.0,data/S_137/label_20.npy
data/S_137/34.png,34.0,137.0,data/S_137/label_34.npy
data/S_137/50.png,50.0,137.0,data/S_137/label_50.npy
data/S_137/63.png,63.0,137.0,data/S_137/label_63.npy
data/S_137/65.png,65.0,137.0,data/S_137/label_65.npy
data/S_137/80.png,80.0,137.0,data/S_137/label_80.npy
data/S_137/122.png,122.0,137.0,data/S_137/label_122.npy
data/S_138/19.png,19.0,138.0,data/S_138/label_19.npy
data/S_138/46.png,46.0,138.0,data/S_138/label_46.npy
data/S_138/50.png,50.0,138.0,data/S_138/label_50.npy
data/S_138/66.png,66.0,138.0,data/S_138/label_66.npy
data/S_138/81.png,81.0,138.0,data/S_138/label_81.npy
data/S_138/116.png,116.0,138.0,data/S_138/label_116.npy
data/S_138/137.png,137.0,138.0,data/S_138/label_137.npy
data/S_138/148.png,148.0,138.0,data/S_138/label_148.npy
data/S_139/19.png,19.0,139.0,data/S_139/label_19.npy
data/S_139/21.png,21.0,139.0,data/S_139/label_21.npy
data/S_139/53.png,53.0,139.0,data/S_139/label_53.npy
data/S_139/94.png,94.0,139.0,data/S_139/label_94.npy
data/S_139/110.png,110.0,139.0,data/S_139/label_110.npy
data/S_139/113.png,113.0,139.0,data/S_139/label_113.npy
data/S_139/142.png,142.0,139.0,data/S_139/label_142.npy
data/S_140/23.png,23.0,140.0,data/S_140/label_23.npy
data/S_140/34.png,34.0,140.0,data/S_140/label_34.npy
data/S_140/37.png,37.0,140.0,data/S_140/label_37.npy
data/S_140/50.png,50.0,140.0,data/S_140/label_50.npy
data/S_140/64.png,64.0,140.0,data/S_140/label_64.npy
data/S_140/65.png,65.0,140.0,data/S_140/label_65.npy
data/S_140/141.png,141.0,140.0,data/S_140/label_141.npy
data/S_141/24.png,24.0,141.0,data/S_141/label_24.npy
data/S_141/37.png,37.0,141.0,data/S_141/label_37.npy
data/S_141/39.png,39.0,141.0,data/S_141/label_39.npy
data/S_141/52.png,52.0,141.0,data/S_141/label_52.npy
data/S_141/65.png,65.0,141.0,data/S_141/label_65.npy
data/S_141/82.png,82.0,141.0,data/S_141/label_82.npy
data/S_141/110.png,110.0,141.0,data/S_141/label_110.npy
data/S_142/51.png,51.0,142.0,data/S_142/label_51.npy
data/S_142/66.png,66.0,142.0,data/S_142/label_66.npy
data/S_142/80.png,80.0,142.0,data/S_142/label_80.npy
data/S_142/93.png,93.0,142.0,data/S_142/label_93.npy
data/S_142/125.png,125.0,142.0,data/S_142/label_125.npy
data/S_142/127.png,127.0,142.0,data/S_142/label_127.npy
data/S_142/141.png,141.0,142.0,data/S_142/label_141.npy
data/S_143/33.png,33.0,143.0,data/S_143/label_33.npy
data/S_143/51.png,51.0,143.0,data/S_143/label_51.npy
data/S_143/96.png,96.0,143.0,data/S_143/label_96.npy
data/S_143/109.png,109.0,143.0,data/S_143/label_109.npy
data/S_143/110.png,110.0,143.0,data/S_143/label_110.npy
data/S_143/113.png,113.0,143.0,data/S_143/label_113.npy
data/S_143/124.png,124.0,143.0,data/S_143/label_124.npy
data/S_144/19.png,19.0,144.0,data/S_144/label_19.npy
data/S_144/23.png,23.0,144.0,data/S_144/label_23.npy
data/S_144/66.png,66.0,144.0,data/S_144/label_66.npy
data/S_144/79.png,79.0,144.0,data/S_144/label_79.npy
data/S_144/108.png,108.0,144.0,data/S_144/label_108.npy
data/S_144/121.png,121.0,144.0,data/S_144/label_121.npy
data/S_144/142.png,142.0,144.0,data/S_144/label_142.npy
data/S_145/63.png,63.0,145.0,data/S_145/label_63.npy
data/S_145/78.png,78.0,145.0,data/S_145/label_78.npy
data/S_145/79.png,79.0,145.0,data/S_145/label_79.npy
data/S_145/80.png,80.0,145.0,data/S_145/label_80.npy
data/S_145/93.png,93.0,145.0,data/S_145/label_93.npy
data/S_145/126.png,126.0,145.0,data/S_145/label_126.npy
data/S_145/129.png,129.0,145.0,data/S_145/label_129.npy
data/S_146/35.png,35.0,146.0,data/S_146/label_35.npy
data/S_146/109.png,109.0,146.0,data/S_146/label_109.npy
data/S_146/112.png,112.0,146.0,data/S_146/label_112.npy
data/S_146/122.png,122.0,146.0,data/S_146/label_122.npy
data/S_146/126.png,126.0,146.0,data/S_146/label_126.npy
data/S_146/138.png,138.0,146.0,data/S_146/label_138.npy
data/S_146/141.png,141.0,146.0,data/S_146/label_141.npy
data/S_147/20.png,20.0,147.0,data/S_147/label_20.npy
data/S_147/22.png,22.0,147.0,data/S_147/label_22.npy
data/S_147/36.png,36.0,147.0,data/S_147/label_36.npy
data/S_147/38.png,38.0,147.0,data/S_147/label_38.npy
data/S_147/108.png,108.0,147.0,data/S_147/label_108.npy
data/S_147/123.png,123.0,147.0,data/S_147/label_123.npy
data/S_147/139.png,139.0,147.0,data/S_147/label_139.npy
data/S_148/63.png,63.0,148.0,data/S_148/label_63.npy
data/S_148/79.png,79.0,148.0,data/S_148/label_79.npy
data/S_148/98.png,98.0,148.0,data/S_148/label_98.npy
data/S_148/112.png,112.0,148.0,data/S_148/label_112.npy
data/S_148/137.png,137.0,148.0,data/S_148/label_137.npy
data/S_148/139.png,139.0,148.0,data/S_148/label_139.npy
data/S_148/142.png,142.0,148.0,data/S_148/label_142.npy
data/S_149/23.png,23.0,149.0,data/S_149/label_23.npy
data/S_149/35.png,35.0,149.0,data/S_149/label_35.npy
data/S_149/48.png,48.0,149.0,data/S_149/label_48.npy
data/S_149/93.png,93.0,149.0,data/S_149/label_93.npy
data/S_149/109.png,109.0,149.0,data/S_149/label_109.npy
data/S_149/121.png,121.0,149.0,data/S_149/label_121.npy
data/S_149/138.png,138.0,149.0,data/S_149/label_138.npy
data/S_150/23.png,23.0,150.0,data/S_150/label_23.npy
data/S_150/51.png,51.0,150.0,data/S_150/label_51.npy
data/S_150/63.png,63.0,150.0,data/S_150/label_63.npy
data/S_150/78.png,78.0,150.0,data/S_150/label_78.npy
data/S_150/93.png,93.0,150.0,data/S_150/label_93.npy
data/S_150/110.png,110.0,150.0,data/S_150/label_110.npy
data/S_150/127.png,127.0,150.0,data/S_150/label_127.npy
data/S_151/36.png,36.0,151.0,data/S_151/label_36.npy
data/S_151/78.png,78.0,151.0,data/S_151/label_78.npy
data/S_151/109.png,109.0,151.0,data/S_151/label_109.npy
data/S_151/111.png,111.0,151.0,data/S_151/label_111.npy
data/S_151/123.png,123.0,151.0,data/S_151/label_123.npy
data/S_151/128.png,128.0,151.0,data/S_151/label_128.npy
data/S_151/138.png,138.0,151.0,data/S_151/label_138.npy
data/S_152/46.png,46.0,152.0,data/S_152/label_46.npy
data/S_152/50.png,50.0,152.0,data/S_152/label_50.npy
data/S_152/91.png,91.0,152.0,data/S_152/label_91.npy
data/S_152/120.png,120.0,152.0,data/S_152/label_120.npy
data/S_152/124.png,124.0,152.0,data/S_152/label_124.npy
data/S_152/137.png,137.0,152.0,data/S_152/label_137.npy
data/S_152/138.png,138.0,152.0,data/S_152/label_138.npy
data/S_153/21.png,21.0,153.0,data/S_153/label_21.npy
data/S_153/34.png,34.0,153.0,data/S_153/label_34.npy
data/S_153/65.png,65.0,153.0,data/S_153/label_65.npy
data/S_153/79.png,79.0,153.0,data/S_153/label_79.npy
data/S_153/92.png,92.0,153.0,data/S_153/label_92.npy
data/S_153/125.png,125.0,153.0,data/S_153/label_125.npy
data/S_153/142.png,142.0,153.0,data/S_153/label_142.npy
data/S_154/24.png,24.0,154.0,data/S_154/label_24.npy
data/S_154/51.png,51.0,154.0,data/S_154/label_51.npy
data/S_154/55.png,55.0,154.0,data/S_154/label_55.npy
data/S_154/110.png,110.0,154.0,data/S_154/label_110.npy
data/S_154/125.png,125.0,154.0,data/S_154/label_125.npy
data/S_154/129.png,129.0,154.0,data/S_154/label_129.npy
data/S_154/141.png,141.0,154.0,data/S_154/label_141.npy
data/S_155/21.png,21.0,155.0,data/S_155/label_21.npy
data/S_155/34.png,34.0,155.0,data/S_155/label_34.npy
data/S_155/51.png,51.0,155.0,data/S_155/label_51.npy
data/S_155/70.png,70.0,155.0,data/S_155/label_70.npy
data/S_155/82.png,82.0,155.0,data/S_155/label_82.npy
data/S_155/101.png,101.0,155.0,data/S_155/label_101.npy
data/S_155/127.png,127.0,155.0,data/S_155/label_127.npy
data/S_156/48.png,48.0,156.0,data/S_156/label_48.npy
data/S_156/51.png,51.0,156.0,data/S_156/label_51.npy
data/S_156/52.png,52.0,156.0,data/S_156/label_52.npy
data/S_156/95.png,95.0,156.0,data/S_156/label_95.npy
data/S_156/111.png,111.0,156.0,data/S_156/label_111.npy
data/S_156/114.png,114.0,156.0,data/S_156/label_114.npy
data/S_156/126.png,126.0,156.0,data/S_156/label_126.npy
data/S_156/140.png,140.0,156.0,data/S_156/label_140.npy
data/S_157/20.png,20.0,157.0,data/S_157/label_20.npy
data/S_157/25.png,25.0,157.0,data/S_157/label_25.npy
data/S_157/41.png,41.0,157.0,data/S_157/label_41.npy
data/S_157/73.png,73.0,157.0,data/S_157/label_73.npy
data/S_157/89.png,89.0,157.0,data/S_157/label_89.npy
data/S_157/102.png,102.0,157.0,data/S_157/label_102.npy
data/S_157/145.png,145.0,157.0,data/S_157/label_145.npy
data/S_158/21.png,21.0,158.0,data/S_158/label_21.npy
data/S_158/64.png,64.0,158.0,data/S_158/label_64.npy
data/S_158/80.png,80.0,158.0,data/S_158/label_80.npy
data/S_158/106.png,106.0,158.0,data/S_158/label_106.npy
data/S_158/123.png,123.0,158.0,data/S_158/label_123.npy
data/S_158/141.png,141.0,158.0,data/S_158/label_141.npy
data/S_158/143.png,143.0,158.0,data/S_158/label_143.npy
data/S_159/23.png,23.0,159.0,data/S_159/label_23.npy
data/S_159/36.png,36.0,159.0,data/S_159/label_36.npy
data/S_159/81.png,81.0,159.0,data/S_159/label_81.npy
data/S_159/99.png,99.0,159.0,data/S_159/label_99.npy
data/S_159/128.png,128.0,159.0,data/S_159/label_128.npy
data/S_159/130.png,130.0,159.0,data/S_159/label_130.npy
data/S_159/143.png,143.0,159.0,data/S_159/label_143.npy
data/S_160/50.png,50.0,160.0,data/S_160/label_50.npy
data/S_160/52.png,52.0,160.0,data/S_160/label_52.npy
data/S_160/80.png,80.0,160.0,data/S_160/label_80.npy
data/S_160/83.png,83.0,160.0,data/S_160/label_83.npy
data/S_160/111.png,111.0,160.0,data/S_160/label_111.npy
data/S_160/125.png,125.0,160.0,data/S_160/label_125.npy
data/S_160/145.png,145.0,160.0,data/S_160/label_145.npy
data/S_161/20.png,20.0,161.0,data/S_161/label_20.npy
data/S_161/21.png,21.0,161.0,data/S_161/label_21.npy
data/S_161/38.png,38.0,161.0,data/S_161/label_38.npy
data/S_161/40.png,40.0,161.0,data/S_161/label_40.npy
data/S_161/51.png,51.0,161.0,data/S_161/label_51.npy
data/S_161/65.png,65.0,161.0,data/S_161/label_65.npy
data/S_161/126.png,126.0,161.0,data/S_161/label_126.npy
data/S_162/22.png,22.0,162.0,data/S_162/label_22.npy
data/S_162/52.png,52.0,162.0,data/S_162/label_52.npy
data/S_162/67.png,67.0,162.0,data/S_162/label_67.npy
data/S_162/100.png,100.0,162.0,data/S_162/label_100.npy
data/S_162/130.png,130.0,162.0,data/S_162/label_130.npy
data/S_162/141.png,141.0,162.0,data/S_162/label_141.npy
data/S_162/144.png,144.0,162.0,data/S_162/label_144.npy
data/S_163/42.png,42.0,163.0,data/S_163/label_42.npy
data/S_163/51.png,51.0,163.0,data/S_163/label_51.npy
data/S_163/56.png,56.0,163.0,data/S_163/label_56.npy
data/S_163/80.png,80.0,163.0,data/S_163/label_80.npy
data/S_163/127.png,127.0,163.0,data/S_163/label_127.npy
data/S_163/144.png,144.0,163.0,data/S_163/label_144.npy
data/S_163/146.png,146.0,163.0,data/S_163/label_146.npy
data/S_164/34.png,34.0,164.0,data/S_164/label_34.npy
data/S_164/49.png,49.0,164.0,data/S_164/label_49.npy
data/S_164/52.png,52.0,164.0,data/S_164/label_52.npy
data/S_164/64.png,64.0,164.0,data/S_164/label_64.npy
data/S_164/94.png,94.0,164.0,data/S_164/label_94.npy
data/S_164/107.png,107.0,164.0,data/S_164/label_107.npy
data/S_165/19.png,19.0,165.0,data/S_165/label_19.npy
data/S_165/47.png,47.0,165.0,data/S_165/label_47.npy
data/S_165/49.png,49.0,165.0,data/S_165/label_49.npy
data/S_165/63.png,63.0,165.0,data/S_165/label_63.npy
data/S_165/80.png,80.0,165.0,data/S_165/label_80.npy
data/S_165/91.png,91.0,165.0,data/S_165/label_91.npy
data/S_166/49.png,49.0,166.0,data/S_166/label_49.npy
data/S_166/60.png,60.0,166.0,data/S_166/label_60.npy
data/S_166/64.png,64.0,166.0,data/S_166/label_64.npy
data/S_166/88.png,88.0,166.0,data/S_166/label_88.npy
data/S_166/121.png,121.0,166.0,data/S_166/label_121.npy
data/S_166/132.png,132.0,166.0,data/S_166/label_132.npy
data/S_167/39.png,39.0,167.0,data/S_167/label_39.npy
data/S_167/54.png,54.0,167.0,data/S_167/label_54.npy
data/S_167/72.png,72.0,167.0,data/S_167/label_72.npy
data/S_167/89.png,89.0,167.0,data/S_167/label_89.npy
data/S_167/115.png,115.0,167.0,data/S_167/label_115.npy
data/S_167/134.png,134.0,167.0,data/S_167/label_134.npy
data/S_167/146.png,146.0,167.0,data/S_167/label_146.npy
data/S_168/26.png,26.0,168.0,data/S_168/label_26.npy
data/S_168/38.png,38.0,168.0,data/S_168/label_38.npy
data/S_168/72.png,72.0,168.0,data/S_168/label_72.npy
data/S_168/102.png,102.0,168.0,data/S_168/label_102.npy
data/S_168/128.png,128.0,168.0,data/S_168/label_128.npy
data/S_168/133.png,133.0,168.0,data/S_168/label_133.npy
data/S_168/150.png,150.0,168.0,data/S_168/label_150.npy
data/S_169/25.png,25.0,169.0,data/S_169/label_25.npy
data/S_169/40.png,40.0,169.0,data/S_169/label_40.npy
data/S_169/66.png,66.0,169.0,data/S_169/label_66.npy
data/S_169/68.png,68.0,169.0,data/S_169/label_68.npy
data/S_169/116.png,116.0,169.0,data/S_169/label_116.npy
data/S_169/130.png,130.0,169.0,data/S_169/label_130.npy
data/S_169/149.png,149.0,169.0,data/S_169/label_149.npy
data/S_170/21.png,21.0,170.0,data/S_170/label_21.npy
data/S_170/39.png,39.0,170.0,data/S_170/label_39.npy
data/S_170/55.png,55.0,170.0,data/S_170/label_55.npy
data/S_170/72.png,72.0,170.0,data/S_170/label_72.npy
data/S_170/100.png,100.0,170.0,data/S_170/label_100.npy
data/S_170/114.png,114.0,170.0,data/S_170/label_114.npy
data/S_170/115.png,115.0,170.0,data/S_170/label_115.npy
data/S_171/36.png,36.0,171.0,data/S_171/label_36.npy
data/S_171/49.png,49.0,171.0,data/S_171/label_49.npy
data/S_171/63.png,63.0,171.0,data/S_171/label_63.npy
data/S_171/78.png,78.0,171.0,data/S_171/label_78.npy
data/S_171/120.png,120.0,171.0,data/S_171/label_120.npy
data/S_171/134.png,134.0,171.0,data/S_171/label_134.npy
data/S_172/36.png,36.0,172.0,data/S_172/label_36.npy
data/S_172/73.png,73.0,172.0,data/S_172/label_73.npy
data/S_172/103.png,103.0,172.0,data/S_172/label_103.npy
data/S_172/120.png,120.0,172.0,data/S_172/label_120.npy
data/S_172/132.png,132.0,172.0,data/S_172/label_132.npy
data/S_172/135.png,135.0,172.0,data/S_172/label_135.npy
data/S_173/47.png,47.0,173.0,data/S_173/label_47.npy
data/S_173/76.png,76.0,173.0,data/S_173/label_76.npy
data/S_173/77.png,77.0,173.0,data/S_173/label_77.npy
data/S_173/91.png,91.0,173.0,data/S_173/label_91.npy
data/S_173/118.png,118.0,173.0,data/S_173/label_118.npy
data/S_173/132.png,132.0,173.0,data/S_173/label_132.npy
data/S_174/23.png,23.0,174.0,data/S_174/label_23.npy
data/S_174/36.png,36.0,174.0,data/S_174/label_36.npy
data/S_174/50.png,50.0,174.0,data/S_174/label_50.npy
data/S_174/104.png,104.0,174.0,data/S_174/label_104.npy
data/S_174/120.png,120.0,174.0,data/S_174/label_120.npy
data/S_174/133.png,133.0,174.0,data/S_174/label_133.npy
data/S_175/23.png,23.0,175.0,data/S_175/label_23.npy
data/S_175/34.png,34.0,175.0,data/S_175/label_34.npy
data/S_175/64.png,64.0,175.0,data/S_175/label_64.npy
data/S_175/79.png,79.0,175.0,data/S_175/label_79.npy
data/S_175/105.png,105.0,175.0,data/S_175/label_105.npy
data/S_175/134.png,134.0,175.0,data/S_175/label_134.npy
data/S_176/80.png,80.0,176.0,data/S_176/label_80.npy
data/S_176/91.png,91.0,176.0,data/S_176/label_91.npy
data/S_176/106.png,106.0,176.0,data/S_176/label_106.npy
data/S_176/109.png,109.0,176.0,data/S_176/label_109.npy
data/S_176/122.png,122.0,176.0,data/S_176/label_122.npy
data/S_176/137.png,137.0,176.0,data/S_176/label_137.npy
data/S_177/22.png,22.0,177.0,data/S_177/label_22.npy
data/S_177/37.png,37.0,177.0,data/S_177/label_37.npy
data/S_177/39.png,39.0,177.0,data/S_177/label_39.npy
data/S_177/51.png,51.0,177.0,data/S_177/label_51.npy
data/S_177/64.png,64.0,177.0,data/S_177/label_64.npy
data/S_177/132.png,132.0,177.0,data/S_177/label_132.npy
data/S_177/147.png,147.0,177.0,data/S_177/label_147.npy
data/S_178/20.png,20.0,178.0,data/S_178/label_20.npy
data/S_178/54.png,54.0,178.0,data/S_178/label_54.npy
data/S_178/65.png,65.0,178.0,data/S_178/label_65.npy
data/S_178/67.png,67.0,178.0,data/S_178/label_67.npy
data/S_178/83.png,83.0,178.0,data/S_178/label_83.npy
data/S_178/84.png,84.0,178.0,data/S_178/label_84.npy
data/S_179/21.png,21.0,179.0,data/S_179/label_21.npy
data/S_179/39.png,39.0,179.0,data/S_179/label_39.npy
data/S_179/53.png,53.0,179.0,data/S_179/label_53.npy
data/S_179/77.png,77.0,179.0,data/S_179/label_77.npy
data/S_179/105.png,105.0,179.0,data/S_179/label_105.npy
data/S_179/135.png,135.0,179.0,data/S_179/label_135.npy
data/S_180/20.png,20.0,180.0,data/S_180/label_20.npy
data/S_180/62.png,62.0,180.0,data/S_180/label_62.npy
data/S_180/93.png,93.0,180.0,data/S_180/label_93.npy
data/S_180/119.png,119.0,180.0,data/S_180/label_119.npy
data/S_180/122.png,122.0,180.0,data/S_180/label_122.npy
data/S_180/134.png,134.0,180.0,data/S_180/label_134.npy
data/S_181/20.png,20.0,181.0,data/S_181/label_20.npy
data/S_181/34.png,34.0,181.0,data/S_181/label_34.npy
data/S_181/79.png,79.0,181.0,data/S_181/label_79.npy
data/S_181/120.png,120.0,181.0,data/S_181/label_120.npy
data/S_181/121.png,121.0,181.0,data/S_181/label_121.npy
data/S_181/125.png,125.0,181.0,data/S_181/label_125.npy
data/S_182/34.png,34.0,182.0,data/S_182/label_34.npy
data/S_182/36.png,36.0,182.0,data/S_182/label_36.npy
data/S_182/50.png,50.0,182.0,data/S_182/label_50.npy
data/S_182/54.png,54.0,182.0,data/S_182/label_54.npy
data/S_182/119.png,119.0,182.0,data/S_182/label_119.npy
data/S_182/135.png,135.0,182.0,data/S_182/label_135.npy
data/S_183/24.png,24.0,183.0,data/S_183/label_24.npy
data/S_183/35.png,35.0,183.0,data/S_183/label_35.npy
data/S_183/64.png,64.0,183.0,data/S_183/label_64.npy
data/S_183/93.png,93.0,183.0,data/S_183/label_93.npy
data/S_183/119.png,119.0,183.0,data/S_183/label_119.npy
data/S_183/121.png,121.0,183.0,data/S_183/label_121.npy
data/S_184/47.png,47.0,184.0,data/S_184/label_47.npy
data/S_184/65.png,65.0,184.0,data/S_184/label_65.npy
data/S_184/81.png,81.0,184.0,data/S_184/label_81.npy
data/S_184/93.png,93.0,184.0,data/S_184/label_93.npy
data/S_184/106.png,106.0,184.0,data/S_184/label_106.npy
data/S_184/136.png,136.0,184.0,data/S_184/label_136.npy
data/S_185/37.png,37.0,185.0,data/S_185/label_37.npy
data/S_185/39.png,39.0,185.0,data/S_185/label_39.npy
data/S_185/68.png,68.0,185.0,data/S_185/label_68.npy
data/S_185/72.png,72.0,185.0,data/S_185/label_72.npy
data/S_185/86.png,86.0,185.0,data/S_185/label_86.npy
data/S_185/121.png,121.0,185.0,data/S_185/label_121.npy
data/S_185/132.png,132.0,185.0,data/S_185/label_132.npy
data/S_186/37.png,37.0,186.0,data/S_186/label_37.npy
data/S_186/64.png,64.0,186.0,data/S_186/label_64.npy
data/S_186/108.png,108.0,186.0,data/S_186/label_108.npy
data/S_186/121.png,121.0,186.0,data/S_186/label_121.npy
data/S_186/136.png,136.0,186.0,data/S_186/label_136.npy
data/S_186/139.png,139.0,186.0,data/S_186/label_139.npy
data/S_187/19.png,19.0,187.0,data/S_187/label_19.npy
data/S_187/35.png,35.0,187.0,data/S_187/label_35.npy
data/S_187/87.png,87.0,187.0,data/S_187/label_87.npy
data/S_187/88.png,88.0,187.0,data/S_187/label_88.npy
data/S_187/103.png,103.0,187.0,data/S_187/label_103.npy
data/S_187/122.png,122.0,187.0,data/S_187/label_122.npy
data/S_188/20.png,20.0,188.0,data/S_188/label_20.npy
data/S_188/24.png,24.0,188.0,data/S_188/label_24.npy
data/S_188/68.png,68.0,188.0,data/S_188/label_68.npy
data/S_188/79.png,79.0,188.0,data/S_188/label_79.npy
data/S_188/109.png,109.0,188.0,data/S_188/label_109.npy
data/S_188/122.png,122.0,188.0,data/S_188/label_122.npy
data/S_189/33.png,33.0,189.0,data/S_189/label_33.npy
data/S_189/34.png,34.0,189.0,data/S_189/label_34.npy
data/S_189/60.png,60.0,189.0,data/S_189/label_60.npy
data/S_189/76.png,76.0,189.0,data/S_189/label_76.npy
data/S_189/107.png,107.0,189.0,data/S_189/label_107.npy
data/S_189/136.png,136.0,189.0,data/S_189/label_136.npy
data/S_190/34.png,34.0,190.0,data/S_190/label_34.npy
data/S_190/53.png,53.0,190.0,data/S_190/label_53.npy
data/S_190/66.png,66.0,190.0,data/S_190/label_66.npy
data/S_190/93.png,93.0,190.0,data/S_190/label_93.npy
data/S_190/96.png,96.0,190.0,data/S_190/label_96.npy
data/S_190/111.png,111.0,190.0,data/S_190/label_111.npy
data/S_191/57.png,57.0,191.0,data/S_191/label_57.npy
data/S_191/71.png,71.0,191.0,data/S_191/label_71.npy
data/S_191/74.png,74.0,191.0,data/S_191/label_74.npy
data/S_191/85.png,85.0,191.0,data/S_191/label_85.npy
data/S_191/101.png,101.0,191.0,data/S_191/label_101.npy
data/S_191/103.png,103.0,191.0,data/S_191/label_103.npy
data/S_191/122.png,122.0,191.0,data/S_191/label_122.npy
data/S_192/20.png,20.0,192.0,data/S_192/label_20.npy
data/S_192/51.png,51.0,192.0,data/S_192/label_51.npy
data/S_192/94.png,94.0,192.0,data/S_192/label_94.npy
data/S_192/108.png,108.0,192.0,data/S_192/label_108.npy
data/S_192/110.png,110.0,192.0,data/S_192/label_110.npy
data/S_192/134.png,134.0,192.0,data/S_192/label_134.npy
data/S_193/50.png,50.0,193.0,data/S_193/label_50.npy
data/S_193/54.png,54.0,193.0,data/S_193/label_54.npy
data/S_193/65.png,65.0,193.0,data/S_193/label_65.npy
data/S_193/67.png,67.0,193.0,data/S_193/label_67.npy
data/S_193/82.png,82.0,193.0,data/S_193/label_82.npy
data/S_193/98.png,98.0,193.0,data/S_193/label_98.npy
data/S_193/150.png,150.0,193.0,data/S_193/label_150.npy
data/S_194/33.png,33.0,194.0,data/S_194/label_33.npy
data/S_194/50.png,50.0,194.0,data/S_194/label_50.npy
data/S_194/54.png,54.0,194.0,data/S_194/label_54.npy
data/S_194/68.png,68.0,194.0,data/S_194/label_68.npy
data/S_194/112.png,112.0,194.0,data/S_194/label_112.npy
data/S_194/122.png,122.0,194.0,data/S_194/label_122.npy
data/S_195/26.png,26.0,195.0,data/S_195/label_26.npy
data/S_195/39.png,39.0,195.0,data/S_195/label_39.npy
data/S_195/40.png,40.0,195.0,data/S_195/label_40.npy
data/S_195/57.png,57.0,195.0,data/S_195/label_57.npy
data/S_195/78.png,78.0,195.0,data/S_195/label_78.npy
data/S_195/124.png,124.0,195.0,data/S_195/label_124.npy
data/S_195/149.png,149.0,195.0,data/S_195/label_149.npy
data/S_196/38.png,38.0,196.0,data/S_196/label_38.npy
data/S_196/51.png,51.0,196.0,data/S_196/label_51.npy
data/S_196/79.png,79.0,196.0,data/S_196/label_79.npy
data/S_196/105.png,105.0,196.0,data/S_196/label_105.npy
data/S_196/122.png,122.0,196.0,data/S_196/label_122.npy
data/S_196/140.png,140.0,196.0,data/S_196/label_140.npy
data/S_197/22.png,22.0,197.0,data/S_197/label_22.npy
data/S_197/65.png,65.0,197.0,data/S_197/label_65.npy
data/S_197/66.png,66.0,197.0,data/S_197/label_66.npy
data/S_197/94.png,94.0,197.0,data/S_197/label_94.npy
data/S_197/121.png,121.0,197.0,data/S_197/label_121.npy
data/S_197/122.png,122.0,197.0,data/S_197/label_122.npy
data/S_198/31.png,31.0,198.0,data/S_198/label_31.npy
data/S_198/48.png,48.0,198.0,data/S_198/label_48.npy
data/S_198/51.png,51.0,198.0,data/S_198/label_51.npy
data/S_198/92.png,92.0,198.0,data/S_198/label_92.npy
data/S_198/106.png,106.0,198.0,data/S_198/label_106.npy
data/S_198/138.png,138.0,198.0,data/S_198/label_138.npy
data/S_199/24.png,24.0,199.0,data/S_199/label_24.npy
data/S_199/68.png,68.0,199.0,data/S_199/label_68.npy
data/S_199/108.png,108.0,199.0,data/S_199/label_108.npy
data/S_199/135.png,135.0,199.0,data/S_199/label_135.npy
data/S_199/138.png,138.0,199.0,data/S_199/label_138.npy
data/S_199/139.png,139.0,199.0,data/S_199/label_139.npy
